Workbook
Name \a: '[1]2001'!$P$1:$Q$3
Name contador: #REF!
Name contador: #REF!
Name contador: #REF!
Name contador: #REF!
Name contador: #REF!
Name contador: #REF!
Name contador: #REF!
Name contador: #REF!
Name contador: #REF!
Name contador: #REF!
Name contador: #REF!
Name contador: #REF!
Name contador: #REF!
Name contador: #REF!
Name h: #REF!
Name h: #REF!
Name h: #REF!
Name h: #REF!
Name h: #REF!
Name h: #REF!
Name h: #REF!
Name h: #REF!
Name h: #REF!
Name h: #REF!
Name h: #REF!
Name h: #REF!

Sheet Enero
D5: LEY 13.010 Y MODIFICATORIAS. DESCENTRALIZACIÓN ADMINISTRATIVA TRIBUTARIA
D6: MES DE ENERO 2026
I7: (En pesos)
D8: Municipio | E8: ENERO 2026
E9: Inmobiliario Rural Libre Disponibilidad | F9: Inmobiliario Rural Fondo Compensador | G9: Ingresos Brutos Pequeños Contribuyentes | H9: Otros | I9: Total
D10: ADOLFO ALSINA | E10: 38973838 | F10: 69558968 | G10: 2023838.8 | H10: 0 | I10: =SUM(E10:H10) -> 1.1055665e+08
D11: ADOLFO GONZALES CHAVES | E11: 58624174 | F11: 39041743 | G11: 1886750.8 | H11: 0 | I11: =SUM(E11:H11) -> 99552668
D12: ALBERTI | E12: 48030614 | F12: 14153952 | G12: 1006357.3 | H12: 0 | I12: =SUM(E12:H12) -> 63190923
D13: ALMIRANTE BROWN | E13: 6938981.4 | F13: 374286.39 | G13: 30734366 | H13: 0 | I13: =SUM(E13:H13) -> 38047634
D14: ARRECIFES | E14: 69163873 | F14: 15726471 | G14: 2234890.6 | H14: 0 | I14: =SUM(E14:H14) -> 87125234
D15: AVELLANEDA | E15: 27169.4 | F15: 87290.545 | G15: 22511380 | H15: 0 | I15: =SUM(E15:H15) -> 22625840
D16: AYACUCHO | E16: 62243420 | F16: 74988376 | G16: 2351878.9 | H16: 0 | I16: =SUM(E16:H16) -> 1.3958367e+08
D17: AZUL | E17: 1.8879444e+08 | F17: 68897364 | G17: 6701053.6 | H17: 0 | I17: =SUM(E17:H17) -> 2.6439286e+08
D18: BAHIA BLANCA | E18: 11295985 | F18: 5616550.7 | G18: 42328537 | H18: 0 | I18: =SUM(E18:H18) -> 59241073
D19: BALCARCE | E19: 1.7817068e+08 | F19: 53607668 | G19: 5927427.9 | H19: 0 | I19: =SUM(E19:H19) -> 2.3770577e+08
D20: BARADERO | E20: 49281837 | F20: 13342569 | G20: 2986720.7 | H20: 0 | I20: =SUM(E20:H20) -> 65611127
D21: BENITO JUAREZ | E21: 83763573 | F21: 64129561 | G21: 1707127.5 | H21: 0 | I21: =SUM(E21:H21) -> 1.4960026e+08
... D144: ZARATE | E144: 31044261 | F144: 7863235.3 | G144: 9841658 | H144: 0 | I144: =SUM(E144:H144) -> 48749154
D145: CONSOLIDADO 135 MUNICIPIOS | E145: =SUM(E10:E144) -> 5.432963e+09 | F145: =SUM(F10:F144) -> 3.2209039e+09 | G145: =SUM(G10:G144) -> 1.2718138e+09 | H145: =SUM(H10:H144) -> 44674518 | I145: =SUM(I10:I144) -> 9.9703552e+09

Sheet Febrero
D5: LEY 13.010 Y MODIFICATORIAS. DESCENTRALIZACIÓN ADMINISTRATIVA TRIBUTARIA
D6: MES DE FEBRERO 2026
I7: (En pesos)
D8: Municipio | E8: FEBRERO 2026
E9: Inmobiliario Rural Libre Disponibilidad | F9: Inmobiliario Rural Fondo Compensador | G9: Ingresos Brutos Pequeños Contribuyentes | H9: Otros | I9: Total
D10: ADOLFO ALSINA | E10: 11493428 | F10: 27218022 | G10: 4952251.9 | H10: 0 | I10: =SUM(E10:H10) -> 43663702
D11: ADOLFO GONZALES CHAVES | E11: 12437986 | F11: 15276808 | G11: 1894333.9 | H11: 0 | I11: =SUM(E11:H11) -> 29609128
D12: ALBERTI | E12: 8869613.4 | F12: 5538359.7 | G12: 2109460.5 | H12: 0 | I12: =SUM(E12:H12) -> 16517434
D13: ALMIRANTE BROWN | E13: 3560113.5 | F13: 146456.1 | G13: 47916124 | H13: 0 | I13: =SUM(E13:H13) -> 51622693
D14: ARRECIFES | E14: 7845782.7 | F14: 6153676.9 | G14: 3613348.1 | H14: 0 | I14: =SUM(E14:H14) -> 17612808
D15: AVELLANEDA | E15: 119197.3 | F15: 34156.285 | G15: 43637084 | H15: 0 | I15: =SUM(E15:H15) -> 43790437
D16: AYACUCHO | E16: 23302813 | F16: 29342517 | G16: 3724109.2 | H16: 0 | I16: =SUM(E16:H16) -> 56369439
D17: AZUL | E17: 44752600 | F17: 26959140 | G17: 10739239 | H17: 0 | I17: =SUM(E17:H17) -> 82450979
D18: BAHIA BLANCA | E18: 9323086.4 | F18: 2197723.8 | G18: 63647128 | H18: 0 | I18: =SUM(E18:H18) -> 75167938
D19: BALCARCE | E19: 52335715 | F19: 20976370 | G19: 9851105.8 | H19: 0 | I19: =SUM(E19:H19) -> 83163192
D20: BARADERO | E20: 19116323 | F20: 5220870.1 | G20: 5062223 | H20: 0 | I20: =SUM(E20:H20) -> 29399416
D21: BENITO JUAREZ | E21: 15680194 | F21: 25093526 | G21: 2301083.6 | H21: 0 | I21: =SUM(E21:H21) -> 43074803
... D144: ZARATE | E144: 10387424 | F144: 3076838.5 | G144: 15502985 | H144: 0 | I144: =SUM(E144:H144) -> 28967247
D145: CONSOLIDADO 135 MUNICIPIOS | E145: =SUM(E10:E144) -> 1.6639009e+09 | F145: =SUM(F10:F144) -> 1.260321e+09 | G145: =SUM(G10:G144) -> 2.1347963e+09 | H145: =SUM(H10:H144) -> 22905607 | I145: =SUM(I10:I144) -> 5.0819238e+09

Sheet Marzo
D5: LEY 13.010 Y MODIFICATORIAS. DESCENTRALIZACIÓN ADMINISTRATIVA TRIBUTARIA
D6: MES DE MARZO 2026
I7: (En pesos)
D8: Municipio | E8: MARZO 2026
E9: Inmobiliario Rural Libre Disponibilidad | F9: Inmobiliario Rural Fondo Compensador | G9: Ingresos Brutos Pequeños Contribuyentes | H9: Otros | I9: Total
D10: ADOLFO ALSINA | E10: 5619135 | F10: 16330319 | G10: 4663125.6 | H10: 0 | I10: =SUM(E10:H10) -> 26612579
D11: ADOLFO GONZALES CHAVES | E11: 6349962 | F11: 9165807.3 | G11: 2635228.5 | H11: 0 | I11: =SUM(E11:H11) -> 18150998
D12: ALBERTI | E12: 5162545.4 | F12: 3322915.2 | G12: 4075775.3 | H12: 0 | I12: =SUM(E12:H12) -> 12561236
D13: ALMIRANTE BROWN | E13: 2671640.4 | F13: 87871 | G13: 54083600 | H13: 0 | I13: =SUM(E13:H13) -> 56843111
D14: ARRECIFES | E14: 7619193.3 | F14: 3692094.4 | G14: 4813690.8 | H14: 0 | I14: =SUM(E14:H14) -> 16124979
D15: AVELLANEDA | E15: 60747.2 | F15: 20493.151 | G15: 46227806 | H15: 0 | I15: =SUM(E15:H15) -> 46309047
D16: AYACUCHO | E16: 12557164 | F16: 17604977 | G16: 4102903.4 | H16: 0 | I16: =SUM(E16:H16) -> 34265044
D17: AZUL | E17: 25128623 | F17: 16174994 | G17: 13080769 | H17: 0 | I17: =SUM(E17:H17) -> 54384387
D18: BAHIA BLANCA | E18: 5193343.1 | F18: 1318594.3 | G18: 71855687 | H18: 0 | I18: =SUM(E18:H18) -> 78367625
D19: BALCARCE | E19: 26131977 | F19: 12585441 | G19: 11384108 | H19: 0 | I19: =SUM(E19:H19) -> 50101526
D20: BARADERO | E20: 14078860 | F20: 3132427.2 | G20: 5843368.4 | H20: 0 | I20: =SUM(E20:H20) -> 23054656
D21: BENITO JUAREZ | E21: 11177472 | F21: 15055660 | G21: 3254726.8 | H21: 0 | I21: =SUM(E21:H21) -> 29487859
... D144: ZARATE | E144: 12040095 | F144: 1846047.2 | G144: 18832824 | H144: 0 | I144: =SUM(E144:H144) -> 32718967
D145: CONSOLIDADO 135 MUNICIPIOS | E145: =SUM(E10:E144) -> 9.1021112e+08 | F145: =SUM(F10:F144) -> 7.5616973e+08 | G145: =SUM(G10:G144) -> 2.4737661e+09 | H145: =SUM(H10:H144) -> 7835663.5 | I145: =SUM(I10:I144) -> 4.1479826e+09

Sheet Abril
D5: LEY 13.010 Y MODIFICATORIAS. DESCENTRALIZACIÓN ADMINISTRATIVA TRIBUTARIA
D6: MES DE ABRIL 2026
I7: (En pesos)
D8: Municipio | E8: ABRIL 2026
E9: Inmobiliario Rural Libre Disponibilidad | F9: Inmobiliario Rural Fondo Compensador | G9: Ingresos Brutos Pequeños Contribuyentes | H9: Otros | I9: Total
D10: ADOLFO ALSINA | E10: 1.1446233e+08 | F10: 1.5351308e+08 | G10: 3775927.7 | H10: 0 | I10: =SUM(E10:H10) -> 2.7175133e+08
D11: ADOLFO GONZALES CHAVES | E11: 1.7603379e+08 | F11: 86163126 | G11: 3144020.8 | H11: 0 | I11: =SUM(E11:H11) -> 2.6534094e+08
D12: ALBERTI | E12: 1.7743684e+08 | F12: 31237048 | G12: 2548778.1 | H12: 0 | I12: =SUM(E12:H12) -> 2.1122267e+08
D13: ALMIRANTE BROWN | E13: 21847107 | F13: 826030.9 | G13: 63357662 | H13: 0 | I13: =SUM(E13:H13) -> 86030799
D14: ARRECIFES | E14: 2.0702387e+08 | F14: 34707515 | G14: 4720019.8 | H14: 0 | I14: =SUM(E14:H14) -> 2.4645141e+08
D15: AVELLANEDA | E15: 6281362.6 | F15: 192645.76 | G15: 54592373 | H15: 0 | I15: =SUM(E15:H15) -> 61066381
D16: AYACUCHO | E16: 2.3056579e+08 | F16: 1.654955e+08 | G16: 4225873.4 | H16: 0 | I16: =SUM(E16:H16) -> 4.0028717e+08
D17: AZUL | E17: 4.138018e+08 | F17: 1.5205295e+08 | G17: 13977139 | H17: 0 | I17: =SUM(E17:H17) -> 5.7983189e+08
D18: BAHIA BLANCA | E18: 78572108 | F18: 12395440 | G18: 80511120 | H18: 0 | I18: =SUM(E18:H18) -> 1.7147867e+08
D19: BALCARCE | E19: 4.3156452e+08 | F19: 1.1830938e+08 | G19: 11021516 | H19: 0 | I19: =SUM(E19:H19) -> 5.6089542e+08
D20: BARADERO | E20: 1.6827963e+08 | F20: 29446366 | G20: 6346109.5 | H20: 0 | I20: =SUM(E20:H20) -> 2.040721e+08
D21: BENITO JUAREZ | E21: 2.5027522e+08 | F21: 1.4153066e+08 | G21: 3065940.8 | H21: 0 | I21: =SUM(E21:H21) -> 3.9487182e+08
... D144: ZARATE | E144: 1.2117191e+08 | F144: 17353758 | G144: 18104269 | H144: 0 | I144: =SUM(E144:H144) -> 1.5662993e+08
D145: CONSOLIDADO 135 MUNICIPIOS | E145: =SUM(E10:E144) -> 1.6825974e+10 | F145: =SUM(F10:F144) -> 7.1083698e+09 | G145: =SUM(G10:G144) -> 2.8065971e+09 | H145: =SUM(H10:H144) -> 6442325.4 | I145: =SUM(I10:I144) -> 2.6747383e+10

Sheet Mayo
D5: LEY 13.010 Y MODIFICATORIAS. DESCENTRALIZACIÓN ADMINISTRATIVA TRIBUTARIA
D6: MES DE MAYO 2026
I7: (En pesos)
D8: Municipio | E8: MAYO 2026
E9: Inmobiliario Rural Libre Disponibilidad | F9: Inmobiliario Rural Fondo Compensador | G9: Ingresos Brutos Pequeños Contribuyentes | H9: Otros | I9: Total
D10: ADOLFO ALSINA | E10: 3194840.4 | F10: 44691436 | G10: 3859772.4 | H10: 0 | I10: =SUM(E10:H10) -> 51746049
D11: ADOLFO GONZALES CHAVES | E11: 7508254.3 | F11: 25084207 | G11: 3089914.2 | H11: 0 | I11: =SUM(E11:H11) -> 35682375
D12: ALBERTI | E12: 5775499.6 | F12: 9093873.5 | G12: 2733040.4 | H12: 0 | I12: =SUM(E12:H12) -> 17602414
D13: ALMIRANTE BROWN | E13: 244876.37 | F13: 240477.93 | G13: 63911680 | H13: 0 | I13: =SUM(E13:H13) -> 64397035
D14: ARRECIFES | E14: 9338271.5 | F14: 10104212 | G14: 4991774.3 | H14: 0 | I14: =SUM(E14:H14) -> 24434258
D15: AVELLANEDA | E15: 4312.61 | F15: 56083.923 | G15: 53250372 | H15: 0 | I15: =SUM(E15:H15) -> 53310769
D16: AYACUCHO | E16: 9555913.1 | F16: 48179815 | G16: 4648744.9 | H16: 0 | I16: =SUM(E16:H16) -> 62384473
D17: AZUL | E17: 17647660 | F17: 44266357 | G17: 15741270 | H17: 0 | I17: =SUM(E17:H17) -> 77655287
D18: BAHIA BLANCA | E18: 2626906.3 | F18: 3608617.6 | G18: 86961872 | H18: 0 | I18: =SUM(E18:H18) -> 93197396
D19: BALCARCE | E19: 26409075 | F19: 34442772 | G19: 12124246 | H19: 0 | I19: =SUM(E19:H19) -> 72976092
D20: BARADERO | E20: 10716907 | F20: 8572562.1 | G20: 7020108.3 | H20: 0 | I20: =SUM(E20:H20) -> 26309577
D21: BENITO JUAREZ | E21: 22217427 | F21: 41203058 | G21: 3700250 | H21: 0 | I21: =SUM(E21:H21) -> 67120735
... D144: ZARATE | E144: 24850349 | F144: 5052106 | G144: 19600157 | H144: 0 | I144: =SUM(E144:H144) -> 49502612
D145: CONSOLIDADO 135 MUNICIPIOS | E145: =SUM(E10:E144) -> 1.003174e+09 | F145: =SUM(F10:F144) -> 2.0694214e+09 | G145: =SUM(G10:G144) -> 2.909662e+09 | H145: =SUM(H10:H144) -> 1.0936663e+09 | I145: =SUM(I10:I144) -> 7.0759238e+09

Sheet Junio
D5: LEY 13.010 Y MODIFICATORIAS. DESCENTRALIZACIÓN ADMINISTRATIVA TRIBUTARIA
D6: MES DE JUNIO 2026
I7: (En pesos)
D8: Municipio | E8: JUNIO 2026
E9: Inmobiliario Rural Libre Disponibilidad | F9: Inmobiliario Rural Fondo Compensador | G9: Ingresos Brutos Pequeños Contribuyentes | H9: Otros | I9: Total
D10: ADOLFO ALSINA | E10: 11342029 | F10: 29833608 | G10: 5075536.1 | H10: 0 | I10: =SUM(E10:H10) -> 46251173
D11: ADOLFO GONZALES CHAVES | E11: 10192969 | F11: 16744873 | G11: 3277471.7 | H11: 0 | I11: =SUM(E11:H11) -> 30215314
D12: ALBERTI | E12: 6006789.8 | F12: 6070582.7 | G12: 2528324.8 | H12: 0 | I12: =SUM(E12:H12) -> 14605697
D13: ALMIRANTE BROWN | E13: 215647.19 | F13: 160530.18 | G13: 65061078 | H13: 0 | I13: =SUM(E13:H13) -> 65437255
D14: ARRECIFES | E14: 7045945.9 | F14: 6745030.5 | G14: 5629181.2 | H14: 0 | I14: =SUM(E14:H14) -> 19420158
D15: AVELLANEDA | E15: 95151.66 | F15: 37438.622 | G15: 56044758 | H15: 0 | I15: =SUM(E15:H15) -> 56177348
D16: AYACUCHO | E16: 14480881 | F16: 32162263 | G16: 4870974 | H16: 0 | I16: =SUM(E16:H16) -> 51514117
D17: AZUL | E17: 16219534 | F17: 29549848 | G17: 13193552 | H17: 0 | I17: =SUM(E17:H17) -> 58962934
D18: BAHIA BLANCA | E18: 2953686.9 | F18: 2408919.7 | G18: 87183264 | H18: 0 | I18: =SUM(E18:H18) -> 92545871
D19: BALCARCE | E19: 28048750 | F19: 22992149 | G19: 11273656 | H19: 0 | I19: =SUM(E19:H19) -> 62314555
D20: BARADERO | E20: 12254167 | F20: 5722583.1 | G20: 6548008.8 | H20: 0 | I20: =SUM(E20:H20) -> 24524759
D21: BENITO JUAREZ | E21: 18319557 | F21: 27504953 | G21: 3656943.5 | H21: 0 | I21: =SUM(E21:H21) -> 49481454
... D144: ZARATE | E144: 6110145.4 | F144: 3372515.2 | G144: 19869887 | H144: 0 | I144: =SUM(E144:H144) -> 29352548
D145: CONSOLIDADO 135 MUNICIPIOS | E145: =SUM(E10:E144) -> 9.7670494e+08 | F145: =SUM(F10:F144) -> 1.3814349e+09 | G145: =SUM(G10:G144) -> 2.7806791e+09 | H145: =SUM(H10:H144) -> 89209529 | I145: =SUM(I10:I144) -> 5.2280284e+09

Sheet Julio
D5: LEY 13.010 Y MODIFICATORIAS. DESCENTRALIZACIÓN ADMINISTRATIVA TRIBUTARIA
D6: MES DE JULIO 2026
I7: (En pesos)
D8: Municipio | E8: JULIO 2026
E9: Inmobiliario Rural Libre Disponibilidad | F9: Inmobiliario Rural Fondo Compensador | G9: Ingresos Brutos Pequeños Contribuyentes | H9: Otros | I9: Total
D10: ADOLFO ALSINA | I10: =SUM(E10:H10) -> 0
D11: ADOLFO GONZALES CHAVES | I11: =SUM(E11:H11) -> 0
D12: ALBERTI | I12: =SUM(E12:H12) -> 0
D13: ALMIRANTE BROWN | I13: =SUM(E13:H13) -> 0
D14: ARRECIFES | I14: =SUM(E14:H14) -> 0
D15: AVELLANEDA | I15: =SUM(E15:H15) -> 0
D16: AYACUCHO | I16: =SUM(E16:H16) -> 0
D17: AZUL | I17: =SUM(E17:H17) -> 0
D18: BAHIA BLANCA | I18: =SUM(E18:H18) -> 0
D19: BALCARCE | I19: =SUM(E19:H19) -> 0
D20: BARADERO | I20: =SUM(E20:H20) -> 0
D21: BENITO JUAREZ | I21: =SUM(E21:H21) -> 0
... D144: ZARATE | I144: =SUM(E144:H144) -> 0
D145: CONSOLIDADO 135 MUNICIPIOS | E145: =SUM(E10:E144) -> 0 | F145: =SUM(F10:F144) -> 0 | G145: =SUM(G10:G144) -> 0 | H145: =SUM(H10:H144) -> 0 | I145: =SUM(I10:I144) -> 0

Sheet Agosto
D5: LEY 13.010 Y MODIFICATORIAS. DESCENTRALIZACIÓN ADMINISTRATIVA TRIBUTARIA
D6: MES DE AGOSTO 2026
I7: (En pesos)
D8: Municipio | E8: AGOSTO 2026
E9: Inmobiliario Rural Libre Disponibilidad | F9: Inmobiliario Rural Fondo Compensador | G9: Ingresos Brutos Pequeños Contribuyentes | H9: Otros | I9: Total
D10: ADOLFO ALSINA | I10: =SUM(E10:H10) -> 0
D11: ADOLFO GONZALES CHAVES | I11: =SUM(E11:H11) -> 0
D12: ALBERTI | I12: =SUM(E12:H12) -> 0
D13: ALMIRANTE BROWN | I13: =SUM(E13:H13) -> 0
D14: ARRECIFES | I14: =SUM(E14:H14) -> 0
D15: AVELLANEDA | I15: =SUM(E15:H15) -> 0
D16: AYACUCHO | I16: =SUM(E16:H16) -> 0
D17: AZUL | I17: =SUM(E17:H17) -> 0
D18: BAHIA BLANCA | I18: =SUM(E18:H18) -> 0
D19: BALCARCE | I19: =SUM(E19:H19) -> 0
D20: BARADERO | I20: =SUM(E20:H20) -> 0
D21: BENITO JUAREZ | I21: =SUM(E21:H21) -> 0
... D144: ZARATE | I144: =SUM(E144:H144) -> 0
D145: CONSOLIDADO 135 MUNICIPIOS | E145: =SUM(E10:E144) -> 0 | F145: =SUM(F10:F144) -> 0 | G145: =SUM(G10:G144) -> 0 | H145: =SUM(H10:H144) -> 0 | I145: =SUM(I10:I144) -> 0

Sheet Septiembre
D5: LEY 13.010 Y MODIFICATORIAS. DESCENTRALIZACIÓN ADMINISTRATIVA TRIBUTARIA
D6: MES DE SEPTIEMBRE 2026
I7: (En pesos)
D8: Municipio | E8: SEPTIEMBRE 2026
E9: Inmobiliario Rural Libre Disponibilidad | F9: Inmobiliario Rural Fondo Compensador | G9: Ingresos Brutos Pequeños Contribuyentes | H9: Otros | I9: Total
D10: ADOLFO ALSINA | I10: =SUM(E10:H10) -> 0
D11: ADOLFO GONZALES CHAVES | I11: =SUM(E11:H11) -> 0
D12: ALBERTI | I12: =SUM(E12:H12) -> 0
D13: ALMIRANTE BROWN | I13: =SUM(E13:H13) -> 0
D14: ARRECIFES | I14: =SUM(E14:H14) -> 0
D15: AVELLANEDA | I15: =SUM(E15:H15) -> 0
D16: AYACUCHO | I16: =SUM(E16:H16) -> 0
D17: AZUL | I17: =SUM(E17:H17) -> 0
D18: BAHIA BLANCA | I18: =SUM(E18:H18) -> 0
D19: BALCARCE | I19: =SUM(E19:H19) -> 0
D20: BARADERO | I20: =SUM(E20:H20) -> 0
D21: BENITO JUAREZ | I21: =SUM(E21:H21) -> 0
... D144: ZARATE | I144: =SUM(E144:H144) -> 0
D145: CONSOLIDADO 135 MUNICIPIOS | E145: =SUM(E10:E144) -> 0 | F145: =SUM(F10:F144) -> 0 | G145: =SUM(G10:G144) -> 0 | H145: =SUM(H10:H144) -> 0 | I145: =SUM(I10:I144) -> 0

Sheet Octubre
D5: LEY 13.010 Y MODIFICATORIAS. DESCENTRALIZACIÓN ADMINISTRATIVA TRIBUTARIA
D6: MES DE OCTUBRE 2026
I7: (En pesos)
D8: Municipio | E8: OCTUBRE 2026
E9: Inmobiliario Rural Libre Disponibilidad | F9: Inmobiliario Rural Fondo Compensador | G9: Ingresos Brutos Pequeños Contribuyentes | H9: Otros | I9: Total
D10: ADOLFO ALSINA | I10: =SUM(E10:H10) -> 0
D11: ADOLFO GONZALES CHAVES | I11: =SUM(E11:H11) -> 0
D12: ALBERTI | I12: =SUM(E12:H12) -> 0
D13: ALMIRANTE BROWN | I13: =SUM(E13:H13) -> 0
D14: ARRECIFES | I14: =SUM(E14:H14) -> 0
D15: AVELLANEDA | I15: =SUM(E15:H15) -> 0
D16: AYACUCHO | I16: =SUM(E16:H16) -> 0
D17: AZUL | I17: =SUM(E17:H17) -> 0
D18: BAHIA BLANCA | I18: =SUM(E18:H18) -> 0
D19: BALCARCE | I19: =SUM(E19:H19) -> 0
D20: BARADERO | I20: =SUM(E20:H20) -> 0
D21: BENITO JUAREZ | I21: =SUM(E21:H21) -> 0
... D144: ZARATE | I144: =SUM(E144:H144) -> 0
D145: CONSOLIDADO 135 MUNICIPIOS | E145: =SUM(E10:E144) -> 0 | F145: =SUM(F10:F144) -> 0 | G145: =SUM(G10:G144) -> 0 | H145: =SUM(H10:H144) -> 0 | I145: =SUM(I10:I144) -> 0

Sheet Noviembre
D5: LEY 13.010 Y MODIFICATORIAS. DESCENTRALIZACIÓN ADMINISTRATIVA TRIBUTARIA
D6: MES DE NOVIEMBRE 2026
I7: (En pesos)
D8: Municipio | E8: NOVIEMBRE 2026
E9: Inmobiliario Rural Libre Disponibilidad | F9: Inmobiliario Rural Fondo Compensador | G9: Ingresos Brutos Pequeños Contribuyentes | H9: Otros | I9: Total
D10: ADOLFO ALSINA | I10: =SUM(E10:H10) -> 0
D11: ADOLFO GONZALES CHAVES | I11: =SUM(E11:H11) -> 0
D12: ALBERTI | I12: =SUM(E12:H12) -> 0
D13: ALMIRANTE BROWN | I13: =SUM(E13:H13) -> 0
D14: ARRECIFES | I14: =SUM(E14:H14) -> 0
D15: AVELLANEDA | I15: =SUM(E15:H15) -> 0
D16: AYACUCHO | I16: =SUM(E16:H16) -> 0
D17: AZUL | I17: =SUM(E17:H17) -> 0
D18: BAHIA BLANCA | I18: =SUM(E18:H18) -> 0
D19: BALCARCE | I19: =SUM(E19:H19) -> 0
D20: BARADERO | I20: =SUM(E20:H20) -> 0
D21: BENITO JUAREZ | I21: =SUM(E21:H21) -> 0
... D144: ZARATE | I144: =SUM(E144:H144) -> 0
D145: CONSOLIDADO 135 MUNICIPIOS | E145: =SUM(E10:E144) -> 0 | F145: =SUM(F10:F144) -> 0 | G145: =SUM(G10:G144) -> 0 | H145: =SUM(H10:H144) -> 0 | I145: =SUM(I10:I144) -> 0

Sheet Diciembre
D5: LEY 13.010 Y MODIFICATORIAS. DESCENTRALIZACIÓN ADMINISTRATIVA TRIBUTARIA
D6: MES DE DICIEMBRE 2026
I7: (En pesos)
D8: Municipio | E8: DICIEMBRE 2026
E9: Inmobiliario Rural Libre Disponibilidad | F9: Inmobiliario Rural Fondo Compensador | G9: Ingresos Brutos Pequeños Contribuyentes | H9: Otros | I9: Total
D10: ADOLFO ALSINA | I10: =SUM(E10:H10) -> 0
D11: ADOLFO GONZALES CHAVES | I11: =SUM(E11:H11) -> 0
D12: ALBERTI | I12: =SUM(E12:H12) -> 0
D13: ALMIRANTE BROWN | I13: =SUM(E13:H13) -> 0
D14: ARRECIFES | I14: =SUM(E14:H14) -> 0
D15: AVELLANEDA | I15: =SUM(E15:H15) -> 0
D16: AYACUCHO | I16: =SUM(E16:H16) -> 0
D17: AZUL | I17: =SUM(E17:H17) -> 0
D18: BAHIA BLANCA | I18: =SUM(E18:H18) -> 0
D19: BALCARCE | I19: =SUM(E19:H19) -> 0
D20: BARADERO | I20: =SUM(E20:H20) -> 0
D21: BENITO JUAREZ | I21: =SUM(E21:H21) -> 0
... D144: ZARATE | I144: =SUM(E144:H144) -> 0
D145: CONSOLIDADO 135 MUNICIPIOS | E145: =SUM(E10:E144) -> 0 | F145: =SUM(F10:F144) -> 0 | G145: =SUM(G10:G144) -> 0 | H145: =SUM(H10:H144) -> 0 | I145: =SUM(I10:I144) -> 0

Sheet Acumulado
D5: LEY 13.010 Y MODIFICATORIAS. DESCENTRALIZACIÓN ADMINISTRATIVA TRIBUTARIA
D6: ACUMULADO ENERO - JUNIO 2026
I7: (En pesos)
D8: Municipio | E8: Acumulado ENERO - JUNIO 2026
E9: Inmobiliario Rural Libre Disponibilidad | F9: Inmobiliario Rural Fondo Compensador | G9: Ingresos Brutos Pequeños Contribuyentes | H9: Otros | I9: Total
D10: ADOLFO ALSINA | E10: =+Enero!E10+Febrero!E10+Marzo!E10+Abril!E10+Mayo!E10+Junio!E10+Julio!E10+Agosto!E10+Septiembre!E10+Octubre!E10+Noviembre!E10+Diciembre!E10 -> 1.850856e+08 | F10: =+Enero!F10+Febrero!F10+Marzo!F10+Abril!F10+Mayo!F10+Junio!F10+Julio!F10+Agosto!F10+Septiembre!F10+Octubre!F10+Noviembre!F10+Diciembre!F10 -> 3.4114543e+08 | G10: =+Enero!G10+Febrero!G10+Marzo!G10+Abril!G10+Mayo!G10+Junio!G10+Julio!G10+Agosto!G10+Septiembre!G10+Octubre!G10+Noviembre!G10+Diciembre!G10 -> 24350453 | H10: =+Enero!H10+Febrero!H10+Marzo!H10+Abril!H10+Mayo!H10+Junio!H10+Julio!H10+Agosto!H10+Septiembre!H10+Octubre!H10+Noviembre!H10+Diciembre!H10 -> 0 | I10: =SUM(E10:H10) -> 5.5058148e+08
D11: ADOLFO GONZALES CHAVES | E11: =+Enero!E11+Febrero!E11+Marzo!E11+Abril!E11+Mayo!E11+Junio!E11+Julio!E11+Agosto!E11+Septiembre!E11+Octubre!E11+Noviembre!E11+Diciembre!E11 -> 2.7114714e+08 | F11: =+Enero!F11+Febrero!F11+Marzo!F11+Abril!F11+Mayo!F11+Junio!F11+Julio!F11+Agosto!F11+Septiembre!F11+Octubre!F11+Noviembre!F11+Diciembre!F11 -> 1.9147656e+08 | G11: =+Enero!G11+Febrero!G11+Marzo!G11+Abril!G11+Mayo!G11+Junio!G11+Julio!G11+Agosto!G11+Septiembre!G11+Octubre!G11+Noviembre!G11+Diciembre!G11 -> 15927720 | H11: =+Enero!H11+Febrero!H11+Marzo!H11+Abril!H11+Mayo!H11+Junio!H11+Julio!H11+Agosto!H11+Septiembre!H11+Octubre!H11+Noviembre!H11+Diciembre!H11 -> 0 | I11: =SUM(E11:H11) -> 4.7855142e+08
D12: ALBERTI | E12: =+Enero!E12+Febrero!E12+Marzo!E12+Abril!E12+Mayo!E12+Junio!E12+Julio!E12+Agosto!E12+Septiembre!E12+Octubre!E12+Noviembre!E12+Diciembre!E12 -> 2.512819e+08 | F12: =+Enero!F12+Febrero!F12+Marzo!F12+Abril!F12+Mayo!F12+Junio!F12+Julio!F12+Agosto!F12+Septiembre!F12+Octubre!F12+Noviembre!F12+Diciembre!F12 -> 69416731 | G12: =+Enero!G12+Febrero!G12+Marzo!G12+Abril!G12+Mayo!G12+Junio!G12+Julio!G12+Agosto!G12+Septiembre!G12+Octubre!G12+Noviembre!G12+Diciembre!G12 -> 15001736 | H12: =+Enero!H12+Febrero!H12+Marzo!H12+Abril!H12+Mayo!H12+Junio!H12+Julio!H12+Agosto!H12+Septiembre!H12+Octubre!H12+Noviembre!H12+Diciembre!H12 -> 0 | I12: =SUM(E12:H12) -> 3.3570037e+08
D13: ALMIRANTE BROWN | E13: =+Enero!E13+Febrero!E13+Marzo!E13+Abril!E13+Mayo!E13+Junio!E13+Julio!E13+Agosto!E13+Septiembre!E13+Octubre!E13+Noviembre!E13+Diciembre!E13 -> 35478365 | F13: =+Enero!F13+Febrero!F13+Marzo!F13+Abril!F13+Mayo!F13+Junio!F13+Julio!F13+Agosto!F13+Septiembre!F13+Octubre!F13+Noviembre!F13+Diciembre!F13 -> 1835652.5 | G13: =+Enero!G13+Febrero!G13+Marzo!G13+Abril!G13+Mayo!G13+Junio!G13+Julio!G13+Agosto!G13+Septiembre!G13+Octubre!G13+Noviembre!G13+Diciembre!G13 -> 3.2506451e+08 | H13: =+Enero!H13+Febrero!H13+Marzo!H13+Abril!H13+Mayo!H13+Junio!H13+Julio!H13+Agosto!H13+Septiembre!H13+Octubre!H13+Noviembre!H13+Diciembre!H13 -> 0 | I13: =SUM(E13:H13) -> 3.6237853e+08
D14: ARRECIFES | E14: =+Enero!E14+Febrero!E14+Marzo!E14+Abril!E14+Mayo!E14+Junio!E14+Julio!E14+Agosto!E14+Septiembre!E14+Octubre!E14+Noviembre!E14+Diciembre!E14 -> 3.0803694e+08 | F14: =+Enero!F14+Febrero!F14+Marzo!F14+Abril!F14+Mayo!F14+Junio!F14+Julio!F14+Agosto!F14+Septiembre!F14+Octubre!F14+Noviembre!F14+Diciembre!F14 -> 77128999 | G14: =+Enero!G14+Febrero!G14+Marzo!G14+Abril!G14+Mayo!G14+Junio!G14+Julio!G14+Agosto!G14+Septiembre!G14+Octubre!G14+Noviembre!G14+Diciembre!G14 -> 26002905 | H14: =+Enero!H14+Febrero!H14+Marzo!H14+Abril!H14+Mayo!H14+Junio!H14+Julio!H14+Agosto!H14+Septiembre!H14+Octubre!H14+Noviembre!H14+Diciembre!H14 -> 0 | I14: =SUM(E14:H14) -> 4.1116884e+08
D15: AVELLANEDA | E15: =+Enero!E15+Febrero!E15+Marzo!E15+Abril!E15+Mayo!E15+Junio!E15+Julio!E15+Agosto!E15+Septiembre!E15+Octubre!E15+Noviembre!E15+Diciembre!E15 -> 6587940.8 | F15: =+Enero!F15+Febrero!F15+Marzo!F15+Abril!F15+Mayo!F15+Junio!F15+Julio!F15+Agosto!F15+Septiembre!F15+Octubre!F15+Noviembre!F15+Diciembre!F15 -> 428108.28 | G15: =+Enero!G15+Febrero!G15+Marzo!G15+Abril!G15+Mayo!G15+Junio!G15+Julio!G15+Agosto!G15+Septiembre!G15+Octubre!G15+Noviembre!G15+Diciembre!G15 -> 2.7626377e+08 | H15: =+Enero!H15+Febrero!H15+Marzo!H15+Abril!H15+Mayo!H15+Junio!H15+Julio!H15+Agosto!H15+Septiembre!H15+Octubre!H15+Noviembre!H15+Diciembre!H15 -> 0 | I15: =SUM(E15:H15) -> 2.8327982e+08
D16: AYACUCHO | E16: =+Enero!E16+Febrero!E16+Marzo!E16+Abril!E16+Mayo!E16+Junio!E16+Julio!E16+Agosto!E16+Septiembre!E16+Octubre!E16+Noviembre!E16+Diciembre!E16 -> 3.5270598e+08 | F16: =+Enero!F16+Febrero!F16+Marzo!F16+Abril!F16+Mayo!F16+Junio!F16+Julio!F16+Agosto!F16+Septiembre!F16+Octubre!F16+Noviembre!F16+Diciembre!F16 -> 3.6777345e+08 | G16: =+Enero!G16+Febrero!G16+Marzo!G16+Abril!G16+Mayo!G16+Junio!G16+Julio!G16+Agosto!G16+Septiembre!G16+Octubre!G16+Noviembre!G16+Diciembre!G16 -> 23924484 | H16: =+Enero!H16+Febrero!H16+Marzo!H16+Abril!H16+Mayo!H16+Junio!H16+Julio!H16+Agosto!H16+Septiembre!H16+Octubre!H16+Noviembre!H16+Diciembre!H16 -> 0 | I16: =SUM(E16:H16) -> 7.4440392e+08
D17: AZUL | E17: =+Enero!E17+Febrero!E17+Marzo!E17+Abril!E17+Mayo!E17+Junio!E17+Julio!E17+Agosto!E17+Septiembre!E17+Octubre!E17+Noviembre!E17+Diciembre!E17 -> 7.0634466e+08 | F17: =+Enero!F17+Febrero!F17+Marzo!F17+Abril!F17+Mayo!F17+Junio!F17+Julio!F17+Agosto!F17+Septiembre!F17+Octubre!F17+Noviembre!F17+Diciembre!F17 -> 3.3790066e+08 | G17: =+Enero!G17+Febrero!G17+Marzo!G17+Abril!G17+Mayo!G17+Junio!G17+Julio!G17+Agosto!G17+Septiembre!G17+Octubre!G17+Noviembre!G17+Diciembre!G17 -> 73433023 | H17: =+Enero!H17+Febrero!H17+Marzo!H17+Abril!H17+Mayo!H17+Junio!H17+Julio!H17+Agosto!H17+Septiembre!H17+Octubre!H17+Noviembre!H17+Diciembre!H17 -> 0 | I17: =SUM(E17:H17) -> 1.1176783e+09
D18: BAHIA BLANCA | E18: =+Enero!E18+Febrero!E18+Marzo!E18+Abril!E18+Mayo!E18+Junio!E18+Julio!E18+Agosto!E18+Septiembre!E18+Octubre!E18+Noviembre!E18+Diciembre!E18 -> 1.0996512e+08 | F18: =+Enero!F18+Febrero!F18+Marzo!F18+Abril!F18+Mayo!F18+Junio!F18+Julio!F18+Agosto!F18+Septiembre!F18+Octubre!F18+Noviembre!F18+Diciembre!F18 -> 27545846 | G18: =+Enero!G18+Febrero!G18+Marzo!G18+Abril!G18+Mayo!G18+Junio!G18+Julio!G18+Agosto!G18+Septiembre!G18+Octubre!G18+Noviembre!G18+Diciembre!G18 -> 4.3248761e+08 | H18: =+Enero!H18+Febrero!H18+Marzo!H18+Abril!H18+Mayo!H18+Junio!H18+Julio!H18+Agosto!H18+Septiembre!H18+Octubre!H18+Noviembre!H18+Diciembre!H18 -> 0 | I18: =SUM(E18:H18) -> 5.6999857e+08
D19: BALCARCE | E19: =+Enero!E19+Febrero!E19+Marzo!E19+Abril!E19+Mayo!E19+Junio!E19+Julio!E19+Agosto!E19+Septiembre!E19+Octubre!E19+Noviembre!E19+Diciembre!E19 -> 7.4266072e+08 | F19: =+Enero!F19+Febrero!F19+Marzo!F19+Abril!F19+Mayo!F19+Junio!F19+Julio!F19+Agosto!F19+Septiembre!F19+Octubre!F19+Noviembre!F19+Diciembre!F19 -> 2.6291378e+08 | G19: =+Enero!G19+Febrero!G19+Marzo!G19+Abril!G19+Mayo!G19+Junio!G19+Julio!G19+Agosto!G19+Septiembre!G19+Octubre!G19+Noviembre!G19+Diciembre!G19 -> 61582060 | H19: =+Enero!H19+Febrero!H19+Marzo!H19+Abril!H19+Mayo!H19+Junio!H19+Julio!H19+Agosto!H19+Septiembre!H19+Octubre!H19+Noviembre!H19+Diciembre!H19 -> 0 | I19: =SUM(E19:H19) -> 1.0671566e+09
D20: BARADERO | E20: =+Enero!E20+Febrero!E20+Marzo!E20+Abril!E20+Mayo!E20+Junio!E20+Julio!E20+Agosto!E20+Septiembre!E20+Octubre!E20+Noviembre!E20+Diciembre!E20 -> 2.7372772e+08 | F20: =+Enero!F20+Febrero!F20+Marzo!F20+Abril!F20+Mayo!F20+Junio!F20+Julio!F20+Agosto!F20+Septiembre!F20+Octubre!F20+Noviembre!F20+Diciembre!F20 -> 65437378 | G20: =+Enero!G20+Febrero!G20+Marzo!G20+Abril!G20+Mayo!G20+Junio!G20+Julio!G20+Agosto!G20+Septiembre!G20+Octubre!G20+Noviembre!G20+Diciembre!G20 -> 33806539 | H20: =+Enero!H20+Febrero!H20+Marzo!H20+Abril!H20+Mayo!H20+Junio!H20+Julio!H20+Agosto!H20+Septiembre!H20+Octubre!H20+Noviembre!H20+Diciembre!H20 -> 0 | I20: =SUM(E20:H20) -> 3.7297164e+08
D21: BENITO JUAREZ | E21: =+Enero!E21+Febrero!E21+Marzo!E21+Abril!E21+Mayo!E21+Junio!E21+Julio!E21+Agosto!E21+Septiembre!E21+Octubre!E21+Noviembre!E21+Diciembre!E21 -> 4.0143345e+08 | F21: =+Enero!F21+Febrero!F21+Marzo!F21+Abril!F21+Mayo!F21+Junio!F21+Julio!F21+Agosto!F21+Septiembre!F21+Octubre!F21+Noviembre!F21+Diciembre!F21 -> 3.1451741e+08 | G21: =+Enero!G21+Febrero!G21+Marzo!G21+Abril!G21+Mayo!G21+Junio!G21+Julio!G21+Agosto!G21+Septiembre!G21+Octubre!G21+Noviembre!G21+Diciembre!G21 -> 17686072 | H21: =+Enero!H21+Febrero!H21+Marzo!H21+Abril!H21+Mayo!H21+Junio!H21+Julio!H21+Agosto!H21+Septiembre!H21+Octubre!H21+Noviembre!H21+Diciembre!H21 -> 0 | I21: =SUM(E21:H21) -> 7.3363693e+08
... D144: ZARATE | E144: =+Enero!E144+Febrero!E144+Marzo!E144+Abril!E144+Mayo!E144+Junio!E144+Julio!E144+Agosto!E144+Septiembre!E144+Octubre!E144+Noviembre!E144+Diciembre!E144 -> 2.0560418e+08 | F144: =+Enero!F144+Febrero!F144+Marzo!F144+Abril!F144+Mayo!F144+Junio!F144+Julio!F144+Agosto!F144+Septiembre!F144+Octubre!F144+Noviembre!F144+Diciembre!F144 -> 38564500 | G144: =+Enero!G144+Febrero!G144+Marzo!G144+Abril!G144+Mayo!G144+Junio!G144+Julio!G144+Agosto!G144+Septiembre!G144+Octubre!G144+Noviembre!G144+Diciembre!G144 -> 1.0175178e+08 | H144: =+Enero!H144+Febrero!H144+Marzo!H144+Abril!H144+Mayo!H144+Junio!H144+Julio!H144+Agosto!H144+Septiembre!H144+Octubre!H144+Noviembre!H144+Diciembre!H144 -> 0 | I144: =SUM(E144:H144) -> 3.4592046e+08
D145: CONSOLIDADO 135 MUNICIPIOS | E145: =SUM(E10:E144) -> 2.6812928e+10 | F145: =SUM(F10:F144) -> 1.5796621e+10 | G145: =SUM(G10:G144) -> 1.4377314e+10 | H145: =SUM(H10:H144) -> 1.2647339e+09 | I145: =SUM(I10:I144) -> 5.8251597e+10
