Workbook
Name \a: '[1]2001'!$P$1:$Q$3
Name con: #REF!
Name con: #REF!
Name con: #REF!
Name con: #REF!
Name con: #REF!
Name con: #REF!
Name con: #REF!
Name contador: #REF!
Name contador: #REF!
Name contador: #REF!
Name contador: #REF!
Name contador: #REF!
Name contador: #REF!
Name contador: #REF!
Name contador: #REF!
Name contador: #REF!
Name contador: #REF!
Name contador: #REF!
Name contador: #REF!
Name contador: #REF!

Sheet ENERO
A3: TRANSFERENCIAS DE FONDOS
A4: MES DE ENERO 2026
N5: (En pesos)
A6: Municipio | B6: ENERO 2026
B7: Coparticipación Bruta | C7: Omisión Coparticiación 2024 | D7: Descentralización | E7: Juegos de Azar | F7: F.F.P.S. (Programas Sociales) | G7: F.S.A. (Tratamiento de Residuos) | H7: Fondo Fort. Recursos Municipales | I7: Fondo Inclusión Social | J7: Fondo de Financ. Educativo | K7: Fondo Fortalecimiento Fiscal Municipal | L7: Fdo. Para Infrestructura Municipal 2017 | M7: Fdo Ley 14890 | N7: Total
A8: ADOLFO ALSINA | B8: 1.6657233e+09 | C8: 0 | D8: 1.1055665e+08 | E8: 18026760 | F8: 5535994.6 | G8: 2175716.5 | H8: 90798608 | I8: 12572255 | J8: 85691903 | K8: 0 | L8: 0 | M8: 0 | N8: =SUM(B8:M8) -> 1.9910812e+09
A9: ADOLFO GONZALES CHAVES | B9: 8.7385184e+08 | C9: 0 | D9: 99552668 | E9: 9998280.4 | F9: 3878634.7 | G9: 1610030.2 | H9: 50360128 | I9: 8808387.6 | J9: 64984551 | K9: 0 | L9: 0 | M9: 0 | N9: =SUM(B9:M9) -> 1.1130445e+09
A10: ALBERTI | B10: 9.2717359e+08 | C10: 0 | D10: 63190923 | E10: 10666121 | F10: 2709542.7 | G10: 1610030.2 | H10: 53723960 | I10: 6153377.1 | J10: 38407611 | K10: 0 | L10: 0 | M10: 0 | N10: =SUM(B10:M10) -> 1.1036352e+09
A11: ALMIRANTE BROWN | B11: 7.302391e+09 | C11: 0 | D11: 38047634 | E11: 93888972 | F11: 2.9082883e+08 | G11: 1.3213844e+08 | H11: 4.1639021e+08 | I11: 6.6047289e+08 | J11: 7.2260635e+08 | K11: 0 | L11: 0 | M11: 0 | N11: =SUM(B11:M11) -> 9.6567643e+09
A12: ARRECIFES | B12: 9.5641337e+08 | C12: 0 | D12: 87125234 | E12: 10889831 | F12: 9944159.2 | G12: 4003318.3 | H12: 54850761 | I12: 22583206 | J12: 77913983 | K12: 0 | L12: 0 | M12: 0 | N12: =SUM(B12:M12) -> 1.2237239e+09
A13: AVELLANEDA | B13: 4.3528414e+09 | C13: 0 | D13: 22625840 | E13: 55756297 | F13: 1.4142575e+08 | G13: 0 | H13: 2.4727479e+08 | I13: 3.2117817e+08 | J13: 5.3731008e+08 | K13: 0 | L13: 0 | M13: 0 | N13: =SUM(B13:M13) -> 5.6784123e+09
A14: AYACUCHO | B14: 1.5245369e+09 | C14: 0 | D14: 1.3958367e+08 | E14: 17831014 | F14: 6436883.2 | G14: 2719645.6 | H14: 89812658 | I14: 14618175 | J14: 1.1534728e+08 | K14: 0 | L14: 0 | M14: 0 | N14: =SUM(B14:M14) -> 1.9108863e+09
A15: AZUL | B15: 2.5604244e+09 | C15: 0 | D15: 2.6439286e+08 | E15: 30172493 | F15: 23980141 | G15: 9420852.4 | H15: 1.519752e+08 | I15: 54458949 | J15: 1.8403821e+08 | K15: 0 | L15: 0 | M15: 0 | N15: =SUM(B15:M15) -> 3.2788631e+09
A16: BAHIA BLANCA | B16: 4.8226393e+09 | C16: 0 | D16: 59241073 | E16: 62113767 | F16: 89435540 | G16: 41795514 | H16: 2.7546967e+08 | I16: 2.031083e+08 | J16: 4.5717461e+08 | K16: 0 | L16: 0 | M16: 0 | N16: =SUM(B16:M16) -> 6.0109778e+09
A17: BALCARCE | B17: 1.8617933e+09 | C17: 0 | D17: 2.3770577e+08 | E17: 21173095 | F17: 18368499 | G17: 6092006.2 | H17: 1.0664632e+08 | I17: 41714899 | J17: 1.2392034e+08 | K17: 0 | L17: 0 | M17: 0 | N17: =SUM(B17:M17) -> 2.4174143e+09
A18: BARADERO | B18: 1.0501623e+09 | C18: 0 | D18: 65611127 | E18: 11888302 | F18: 12378621 | G18: 4960633.6 | H18: 59879938 | I18: 28111875 | J18: 1.0102908e+08 | K18: 0 | L18: 0 | M18: 0 | N18: =SUM(B18:M18) -> 1.3340219e+09
A19: BENITO JUAREZ | B19: 1.7052788e+09 | C19: 0 | D19: 1.4960026e+08 | E19: 19160938 | F19: 4999587.7 | G19: 2763159.9 | H19: 96511323 | I19: 11354074 | J19: 87898683 | K19: 0 | L19: 0 | M19: 0 | N19: =SUM(B19:M19) -> 2.0775668e+09
... A142: ZARATE | B142: 1.9951703e+09 | C142: 0 | D142: 48749154 | E142: 25546174 | F142: 65489785 | G142: 16426660 | H142: 1.1329527e+08 | I142: 1.4872744e+08 | J142: 2.1957651e+08 | K142: 0 | L142: 0 | M142: 0 | N142: =SUM(B142:M142) -> 2.6329813e+09
A143: CONSOLIDADO 135 MUNICIPIOS | B143: =SUM(B8:B142) -> 3.6322714e+11 | C143: =SUM(C8:C142) -> 0 | D143: =SUM(D8:D142) -> 9.9703552e+09 | E143: =SUM(E8:E142) -> 4.4181563e+09 | F143: =SUM(F8:F142) -> 6.8770119e+09 | G143: =SUM(G8:G142) -> 2.1757165e+09 | H143: =SUM(H8:H142) -> 2.0713251e+10 | I143: =SUM(I8:I142) -> 1.5617708e+10 | ... N143: =SUM(N8:N142) -> 4.5023009e+11

Sheet FEBRERO
A3: TRANSFERENCIAS DE FONDOS
A4: MES DE FEBRERO 2026
N5: (En pesos)
A6: Municipio | B6: FEBRERO 2026
B7: Coparticipación Bruta | C7: Omisión Coparticiación 2025 | D7: Descentralización | E7: Juegos de Azar | F7: F.F.P.S. (Programas Sociales) | G7: F.S.A. (Tratamiento de Residuos) | H7: Fondo Fort. Recursos Municipales | I7: Fondo Inclusión Social | J7: Fondo de Financ. Educativo | N7: Total
A8: ADOLFO ALSINA | B8: 1.4691296e+09 | C8: 0 | D8: 43663702 | E8: 8606924.6 | F8: 3884503.2 | G8: 1680766.6 | H8: 98269933 | I8: 12966594 | J8: 1.6359363e+08 | N8: =SUM(B8:M8) -> 1.8017956e+09
A9: ADOLFO GONZALES CHAVES | B9: 7.7071718e+08 | C9: 0 | D9: 29609128 | E9: 4773705.6 | F9: 2721565 | G9: 1243767.3 | H9: 51553197 | I9: 9084669.5 | J9: 1.2406142e+08 | N9: =SUM(B9:M9) -> 9.9376463e+08
A10: ALBERTI | B10: 8.1774573e+08 | C10: 0 | D10: 16517434 | E10: 5092567.8 | F10: 1901235.1 | G10: 1243767.3 | H10: 54698932 | I10: 6346382.6 | J10: 73323622 | N10: =SUM(B10:M10) -> 9.7686967e+08
A11: ALMIRANTE BROWN | B11: 6.4405405e+09 | C11: 0 | D11: 51622693 | E11: 71313849 | F11: 2.0406912e+08 | G11: 1.02668e+08 | H11: 4.3080712e+08 | I11: 6.8118914e+08 | J11: 1.3795212e+09 | N11: =SUM(B11:M11) -> 9.3617316e+09
A12: ARRECIFES | B12: 8.4353454e+08 | C12: 0 | D12: 17612808 | E12: 5199378.8 | F12: 6977629.3 | G12: 3092610.6 | H12: 56423943 | I12: 23291546 | J12: 1.4874488e+08 | N12: =SUM(B12:M12) -> 1.1048773e+09
A13: AVELLANEDA | B13: 3.8391057e+09 | C13: 0 | D13: 43790437 | E13: 42349981 | F13: 99235787 | G13: 0 | H13: 2.5679741e+08 | I13: 3.3125218e+08 | J13: 1.0257738e+09 | N13: =SUM(B13:M13) -> 5.6383053e+09
A14: AYACUCHO | B14: 1.3446064e+09 | C14: 0 | D14: 56369439 | E14: 8513465 | F14: 4516639.7 | G14: 2100958.3 | H14: 89940592 | I14: 15076686 | J14: 2.2020844e+08 | N14: =SUM(B14:M14) -> 1.7413326e+09
A15: AZUL | B15: 2.2582353e+09 | C15: 0 | D15: 82450979 | E15: 14405937 | F15: 16826413 | G15: 7277719.5 | H15: 1.5105314e+08 | I15: 56167097 | J15: 3.5134567e+08 | N15: =SUM(B15:M15) -> 2.9377622e+09
A16: BAHIA BLANCA | B16: 4.2534567e+09 | C16: 0 | D16: 75167938 | E16: 47178830 | F16: 62755235 | G16: 32287527 | H16: 2.845133e+08 | I16: 2.0947895e+08 | J16: 8.7278789e+08 | N16: =SUM(B16:M16) -> 5.8376264e+09
A17: BALCARCE | B17: 1.6420588e+09 | C17: 0 | D17: 83163192 | E17: 10109151 | F17: 12888830 | G17: 4706146.6 | H17: 1.0983715e+08 | I17: 43023320 | J17: 2.3657519e+08 | N17: =SUM(B17:M17) -> 2.1423618e+09
A18: BARADERO | B18: 9.2621893e+08 | C18: 0 | D18: 29399416 | E18: 5676101.5 | F18: 8685845.7 | G18: 3832147.9 | H18: 61954694 | I18: 28993626 | J18: 1.9287369e+08 | N18: =SUM(B18:M18) -> 1.2576345e+09
A19: BENITO JUAREZ | B19: 1.5040165e+09 | C19: 0 | D19: 43074803 | E19: 9148440.7 | F19: 3508116.5 | G19: 2134573.6 | H19: 1.0060352e+08 | I19: 11710203 | J19: 1.6780658e+08 | N19: =SUM(B19:M19) -> 1.8420028e+09
... A142: ZARATE | B142: 1.7596942e+09 | C142: 0 | D142: 28967247 | E142: 19403727 | F142: 45952949 | G142: 12689788 | H142: 1.1770578e+08 | I142: 1.5339239e+08 | J142: 4.1919153e+08 | N142: =SUM(B142:M142) -> 2.5569976e+09
A143: CONSOLIDADO 135 MUNICIPIOS | B143: =SUM(B8:B142) -> 3.2035796e+11 | C143: =SUM(C8:C142) -> 0 | D143: =SUM(D8:D142) -> 5.0819238e+09 | E143: =SUM(E8:E142) -> 2.8049107e+09 | F143: =SUM(F8:F142) -> 4.8254698e+09 | G143: =SUM(G8:G142) -> 1.6807666e+09 | H143: =SUM(H8:H142) -> 2.1428713e+10 | I143: =SUM(I8:I142) -> 1.610757e+10 | ... N143: =SUM(N8:N142) -> 4.2427329e+11

Sheet MARZO
A3: TRANSFERENCIAS DE FONDOS
A4: MES DE MARZO 2026
N5: (En pesos)
A6: Municipio | B6: MARZO 2026
B7: Coparticipación Bruta | C7: Omisión Coparticiación 2025 | D7: Descentralización | E7: Juegos de Azar | F7: F.F.P.S. (Programas Sociales) | G7: F.S.A. (Tratamiento de Residuos) | H7: Fondo Fort. Recursos Municipales | I7: Fondo Inclusión Social | J7: Fondo de Financ. Educativo | K7: Fondo Fortalecimiento Fiscal Municipal | L7: Fdo. Para Infrestructura Municipal 2017 | M7: Fdo Ley 14890 | N7: Total
A8: ADOLFO ALSINA | B8: 1.3932291e+09 | C8: 0 | D8: 26612579 | E8: 15757139 | F8: 4796431.5 | G8: 2039300.8 | H8: 87102567 | I8: 11493182 | J8: 1.7917398e+08 | K8: 0 | L8: 0 | M8: 0 | N8: =SUM(B8:M8) -> 1.7202043e+09
A9: ADOLFO GONZALES CHAVES | B9: 7.3089921e+08 | C9: 0 | D9: 18150998 | E9: 8739468.3 | F9: 3360481.2 | G9: 1509082.6 | H9: 45694707 | I9: 8052365.7 | J9: 1.3587679e+08 | K9: 0 | L9: 0 | M9: 0 | N9: =SUM(B9:M9) -> 9.522831e+08
A10: ALBERTI | B10: 7.754981e+08 | C10: 0 | D10: 12561236 | E10: 9323225.8 | F10: 2347570.2 | G10: 1509082.6 | H10: 48482961 | I10: 5625234.2 | J10: 80306824 | K10: 0 | L10: 0 | M10: 0 | N10: =SUM(B10:M10) -> 9.3565423e+08
A11: ALMIRANTE BROWN | B11: 6.1077994e+09 | C11: 0 | D11: 56843111 | E11: 92588711 | F11: 2.5197651e+08 | G11: 1.2473195e+08 | H11: 3.8185033e+08 | I11: 6.0378466e+08 | J11: 1.5109042e+09 | K11: 0 | L11: 0 | M11: 0 | N11: =SUM(B11:M11) -> 9.1304789e+09
A12: ARRECIFES | B12: 7.9995457e+08 | C12: 0 | D12: 16124979 | E12: 9518770.2 | F12: 8615701.8 | G12: 3752313.5 | H12: 50011943 | I12: 20644895 | J12: 1.6291106e+08 | K12: 0 | L12: 0 | M12: 0 | N12: =SUM(B12:M12) -> 1.0715342e+09
A13: AVELLANEDA | B13: 3.640764e+09 | C13: 0 | D13: 46309047 | E13: 54984133 | F13: 1.2253244e+08 | G13: 0 | H13: 2.2761502e+08 | I13: 2.9361153e+08 | J13: 1.1234665e+09 | K13: 0 | L13: 0 | M13: 0 | N13: =SUM(B13:M13) -> 5.5092827e+09
A14: AYACUCHO | B14: 1.2751393e+09 | C14: 0 | D14: 34265044 | E14: 15586038 | F14: 5576968.8 | G14: 2549126 | H14: 79719770 | I14: 13363501 | J14: 2.4118067e+08 | K14: 0 | L14: 0 | M14: 0 | N14: =SUM(B14:M14) -> 1.6673804e+09
A15: AZUL | B15: 2.1415669e+09 | C15: 0 | D15: 54384387 | E15: 26373690 | F15: 20776592 | G15: 8830172.4 | H15: 1.338875e+08 | I15: 49784751 | J15: 3.8480716e+08 | K15: 0 | L15: 0 | M15: 0 | N15: =SUM(B15:M15) -> 2.8204111e+09
A16: BAHIA BLANCA | B16: 4.0337081e+09 | C16: 0 | D16: 78367625 | E16: 61253558 | F16: 77487692 | G16: 39174968 | H16: 2.5218129e+08 | I16: 1.8567556e+08 | J16: 9.5591055e+08 | K16: 0 | L16: 0 | M16: 0 | N16: =SUM(B16:M16) -> 5.6837594e+09
A17: BALCARCE | B17: 1.5572242e+09 | C17: 0 | D17: 50101526 | E17: 18507342 | F17: 15914619 | G17: 5710042.2 | H17: 97355290 | I17: 38134519 | J17: 2.5910616e+08 | K17: 0 | L17: 0 | M17: 0 | N17: =SUM(B17:M17) -> 2.0420537e+09
A18: BARADERO | B18: 8.7836719e+08 | C18: 0 | D18: 23054656 | E18: 10391531 | F18: 10724940 | G18: 4649605.8 | H18: 54914181 | I18: 25699040 | J18: 2.1124262e+08 | K18: 0 | L18: 0 | M18: 0 | N18: =SUM(B18:M18) -> 1.2190438e+09
A19: BENITO JUAREZ | B19: 1.4263137e+09 | C19: 0 | D19: 29487859 | E19: 16748521 | F19: 4331684.1 | G19: 2589912 | H19: 89170965 | I19: 10379557 | J19: 1.8378815e+08 | K19: 0 | L19: 0 | M19: 0 | N19: =SUM(B19:M19) -> 1.7628104e+09
... A142: ZARATE | B142: 1.6687822e+09 | C142: 0 | D142: 32718967 | E142: 25192387 | F142: 56740891 | G142: 15396721 | H142: 1.0432973e+08 | I142: 1.359622e+08 | J142: 4.5911453e+08 | K142: 0 | L142: 0 | M142: 0 | N142: =SUM(B142:M142) -> 2.4982376e+09
A143: CONSOLIDADO 135 MUNICIPIOS | B143: =SUM(B8:B142) -> 3.0380714e+11 | C143: =SUM(C8:C142) -> 0 | D143: =SUM(D8:D142) -> 4.1479826e+09 | E143: =SUM(E8:E142) -> 4.1411037e+09 | F143: =SUM(F8:F142) -> 5.9583e+09 | G143: =SUM(G8:G142) -> 2.0393008e+09 | H143: =SUM(H8:H142) -> 1.899356e+10 | I143: =SUM(I8:I142) -> 1.4277244e+10 | ... N143: =SUM(N8:N142) -> 4.1030165e+11

Sheet ABRIL
A3: TRANSFERENCIAS DE FONDOS
A4: MES DE ABRIL 2026
N5: (En pesos)
A6: Municipio | B6: ABRIL 2026
B7: Coparticipación Bruta | C7: Omisión Coparticiación 2025 | D7: Descentralización | E7: Juegos de Azar | F7: F.F.P.S. (Programas Sociales) | G7: F.S.A. (Tratamiento de Residuos) | H7: Fondo Fort. Recursos Municipales | I7: Fondo Inclusión Social | J7: Fondo de Financ. Educativo | K7: Fondo Emergencia y Fort. Inversión Municipal (FEFIM) | N7: Total
A8: ADOLFO ALSINA | B8: 1.560788e+09 | C8: 0 | D8: 2.7175133e+08 | E8: 23860601 | F8: 5309179.2 | G8: 2272501.7 | H8: 87481240 | I8: 11632379 | J8: 1.8696415e+08 | K8: 87672000 | N8: =SUM(B8:M8) -> 2.2377314e+09
A9: ADOLFO GONZALES CHAVES | B9: 8.1880195e+08 | C9: 0 | D9: 2.6534094e+08 | E9: 13242743 | F9: 3719723 | G9: 1681651.2 | H9: 45893362 | I9: 8149890.6 | J9: 1.4178448e+08 | K9: 48626000 | N9: =SUM(B9:M9) -> 1.3472407e+09
A10: ALBERTI | B10: 8.6876459e+08 | C10: 0 | D10: 2.1122267e+08 | E10: 14100925 | F10: 2598529.9 | G10: 1681651.2 | H10: 48693738 | I10: 5693363.3 | J10: 83798425 | K10: 51874000 | N10: =SUM(B10:M10) -> 1.2884279e+09
A11: ALMIRANTE BROWN | B11: 6.8423635e+09 | C11: 0 | D11: 86030799 | E11: 1.3591723e+08 | F11: 2.7891328e+08 | G11: 1.3852315e+08 | H11: 3.835104e+08 | I11: 6.110973e+08 | J11: 1.5765957e+09 | K11: 402052000 | N11: =SUM(B11:M11) -> 1.0455003e+10
A12: ARRECIFES | B12: 8.9616236e+08 | C12: 0 | D12: 2.4645141e+08 | E12: 14638400 | F12: 9536736.7 | G12: 4181403 | H12: 50229367 | I12: 20894932 | J12: 1.6999415e+08 | K12: 52962000 | N12: =SUM(B12:M12) -> 1.4650508e+09
A13: AVELLANEDA | B13: 4.0786261e+09 | C13: 0 | D13: 61066381 | E13: 77929445 | F13: 1.3563139e+08 | G13: 0 | H13: 2.2860457e+08 | I13: 2.9716755e+08 | J13: 1.1723129e+09 | K13: 238760000 | N13: =SUM(B13:M13) -> 6.2900984e+09
A14: AYACUCHO | B14: 1.4284959e+09 | C14: 0 | D14: 4.0028717e+08 | E14: 23693975 | F14: 6173157.4 | G14: 2840627.1 | H14: 80066347 | I14: 13525350 | J14: 2.5166679e+08 | K14: 86720000 | N14: =SUM(B14:M14) -> 2.2934694e+09
A15: AZUL | B15: 2.3991258e+09 | C15: 0 | D15: 5.7983189e+08 | E15: 40350858 | F15: 22997649 | G15: 9839932.2 | H15: 1.3446957e+08 | I15: 50387710 | J15: 4.0153791e+08 | K15: 146742000 | N15: =SUM(B15:M15) -> 3.7852833e+09
A16: BAHIA BLANCA | B16: 4.5188283e+09 | C16: 0 | D16: 1.7147867e+08 | E16: 84764626 | F16: 85771273 | G16: 43654757 | H16: 2.5327764e+08 | I16: 1.8792434e+08 | J16: 9.9747188e+08 | K16: 265984000 | N16: =SUM(B16:M16) -> 6.6091555e+09
A17: BALCARCE | B17: 1.7445063e+09 | C17: 0 | D17: 5.6089542e+08 | E17: 28490502 | F17: 17615922 | G17: 6363004.6 | H17: 97778537 | I17: 38596379 | J17: 2.7037164e+08 | K17: 1.02974e+08 | N17: =SUM(B17:M17) -> 2.8675917e+09
A18: BARADERO | B18: 9.840054e+08 | C18: 0 | D18: 2.040721e+08 | E18: 16077435 | F18: 11871456 | G18: 5181303.8 | H18: 55152917 | I18: 26010289 | J18: 2.2042708e+08 | K18: 57818000 | N18: =SUM(B18:M18) -> 1.580616e+09
A19: BENITO JUAREZ | B19: 1.5978516e+09 | C19: 0 | D19: 3.9487182e+08 | E19: 25369922 | F19: 4794749.4 | G19: 2886077.1 | H19: 89558631 | I19: 10505267 | J19: 1.9177894e+08 | K19: 93188000 | N19: =SUM(B19:M19) -> 2.410805e+09
... A142: ZARATE | B142: 1.8694809e+09 | C142: 0 | D142: 1.5662993e+08 | E142: 35979954 | F142: 62806600 | G142: 17157388 | H142: 1.0478329e+08 | I142: 1.3760888e+08 | J142: 4.7907603e+08 | K142: 109394000 | N142: =SUM(B142:M142) -> 2.972917e+09
A143: CONSOLIDADO 135 MUNICIPIOS | B143: =SUM(B8:B142) -> 3.4034498e+11 | D143: =SUM(D8:D142) -> 2.6747383e+10 | E143: =SUM(E8:E142) -> 6.1032471e+09 | F143: =SUM(F8:F142) -> 6.5952536e+09 | G143: =SUM(G8:G142) -> 2.2725017e+09 | H143: =SUM(H8:H142) -> 1.9076133e+10 | I143: =SUM(I8:I142) -> 1.4450161e+10 | J143: =SUM(J8:J142) -> 5.9412545e+10 | K143: =SUM(K8:K142) -> 20000000000 | ... N143: =SUM(N8:N142) -> 4.950022e+11

Sheet MAYO
A3: TRANSFERENCIAS DE FONDOS
A4: MES DE MAYO 2026
N5: (En pesos)
A6: Municipio | B6: MAYO 2026
B7: Coparticipación Bruta | C7: Omisión Coparticiación 2024 | D7: Descentralización | E7: Juegos de Azar | F7: F.F.P.S. (Programas Sociales) | G7: F.S.A. (Tratamiento de Residuos) | H7: Fondo Fort. Recursos Municipales | I7: Fondo Inclusión Social | J7: Fondo de Financ. Educativo | K7: Fondo Emergencia y Fort. Inversión Municipal (FEFIM) | N7: Total
A8: ADOLFO ALSINA | B8: 1.9078421e+09 | C8: 0 | D8: 51746049 | E8: 24378733 | F8: 3912500.5 | G8: 1861653.8 | H8: 98547350 | I8: 13015054 | J8: 1.4801329e+08 | K8: 21426234 | L8: 0 | M8: 0 | N8: =SUM(B8:M8) -> 2.2707429e+09
A9: ADOLFO GONZALES CHAVES | B9: 1.0008693e+09 | C9: 0 | D9: 35682375 | E9: 13264775 | F9: 2741180.5 | G9: 1377623.9 | H9: 51698732 | I9: 9118621.9 | J9: 1.1224604e+08 | K9: 11883749 | L9: 0 | M9: 0 | N9: =SUM(B9:M9) -> 1.2388824e+09
A10: ALBERTI | B10: 1.0619415e+09 | C10: 0 | D10: 17602414 | E10: 14124914 | F10: 1914938.1 | G10: 1377623.9 | H10: 54853347 | I10: 6370101.1 | J10: 66340420 | K10: 12677531 | L10: 0 | M10: 0 | N10: =SUM(B10:M10) -> 1.2372028e+09
A11: ALMIRANTE BROWN | B11: 8.3638192e+09 | C11: 0 | D11: 64397035 | E11: 1.374443e+08 | F11: 2.0553994e+08 | G11: 1.1448382e+08 | H11: 4.320233e+08 | I11: 6.8373496e+08 | J11: 1.2481382e+09 | K11: 98257829 | L11: 0 | M11: 0 | N11: =SUM(B11:M11) -> 1.1347839e+10
A12: ARRECIFES | B12: 1.0954314e+09 | C12: 0 | D12: 24434258 | E12: 14471398 | F12: 7027920.2 | G12: 3425443.1 | H12: 56583228 | I12: 23378594 | J12: 1.345787e+08 | K12: 12943428 | L12: 0 | M12: 0 | N12: =SUM(B12:M12) -> 1.3722744e+09
A13: AVELLANEDA | B13: 4.9855421e+09 | C13: 0 | D13: 53310769 | E13: 81705334 | F13: 99951023 | G13: 0 | H13: 2.5752235e+08 | I13: 3.3249018e+08 | J13: 9.2808105e+08 | K13: 58350759 | L13: 0 | M13: 0 | N13: =SUM(B13:M13) -> 6.7969536e+09
A14: AYACUCHO | B14: 1.7461337e+09 | C14: 0 | D14: 62384473 | E14: 23482650 | F14: 4549193.2 | G14: 2327067.3 | H14: 90194495 | I14: 15133032 | J14: 1.9923621e+08 | K14: 21193574 | L14: 0 | M14: 0 | N14: =SUM(B14:M14) -> 2.1646344e+09
A15: AZUL | B15: 2.9325911e+09 | C15: 0 | D15: 77655287 | E15: 39636846 | F15: 16947689 | G15: 8060961.2 | H15: 1.5147956e+08 | I15: 56377012 | J15: 3.1788418e+08 | K15: 35862402 | L15: 0 | M15: 0 | N15: =SUM(B15:M15) -> 3.636495e+09
A16: BAHIA BLANCA | B16: 5.5236269e+09 | C16: 0 | D16: 93197396 | E16: 90885539 | F16: 63207540 | G16: 35762370 | H16: 2.8531649e+08 | I16: 2.1026184e+08 | J16: 7.8966524e+08 | K16: 65004055 | L16: 0 | M16: 0 | N16: =SUM(B16:M16) -> 7.1569274e+09
A17: BALCARCE | B17: 2.1324115e+09 | C17: 0 | D17: 72976092 | E17: 28148218 | F17: 12981725 | G17: 5212630.8 | H17: 1.1014722e+08 | I17: 43184112 | J17: 2.1404422e+08 | K17: 25165903 | L17: 0 | M17: 0 | N17: =SUM(B17:M17) -> 2.6442717e+09
A18: BARADERO | B18: 1.2028071e+09 | C18: 0 | D18: 26309577 | E18: 15829322 | F18: 8748448.4 | G18: 4244570.8 | H18: 62129592 | I18: 29101985 | J18: 1.7450477e+08 | K18: 14130190 | L18: 0 | M18: 0 | N18: =SUM(B18:M18) -> 1.5378055e+09
A19: BENITO JUAREZ | B19: 1.953147e+09 | C19: 0 | D19: 67120735 | E19: 25577914 | F19: 3533401.1 | G19: 2364300.4 | H19: 1.0088752e+08 | I19: 11753968 | J19: 1.51825e+08 | K19: 22774294 | L19: 0 | M19: 0 | N19: =SUM(B19:M19) -> 2.3389841e+09
... A142: ZARATE | B142: 2.2851754e+09 | C142: 0 | D142: 49502612 | E142: 37439516 | F142: 46284152 | G142: 14055487 | H142: 1.1803806e+08 | I142: 1.5396567e+08 | J142: 3.7926852e+08 | K142: 26734892 | L142: 0 | M142: 0 | N142: =SUM(B142:M142) -> 3.1104643e+09
A143: CONSOLIDADO 135 MUNICIPIOS | B143: =SUM(B8:B142) -> 4.1602348e+11 | C143: =SUM(C8:C142) -> 0 | D143: =SUM(D8:D142) -> 7.0759238e+09 | E143: =SUM(E8:E142) -> 6.2089442e+09 | F143: =SUM(F8:F142) -> 4.8602491e+09 | G143: =SUM(G8:G142) -> 1.8616538e+09 | H143: =SUM(H8:H142) -> 2.1489206e+10 | I143: =SUM(I8:I142) -> 1.6167769e+10 | ... N143: =SUM(N8:N142) -> 5.2560997e+11

Sheet JUNIO
A3: TRANSFERENCIAS DE FONDOS
A4: MES DE JUNIO 2026
N5: (En pesos)
A6: Municipio | B6: JUNIO 2026
B7: Coparticipación Bruta | C7: Omisión Coparticiación 2023 | D7: Descentralización | E7: Juegos de Azar | F7: F.F.P.S. (Programas Sociales) | G7: F.S.A. (Tratamiento de Residuos) | H7: Fondo Fort. Recursos Municipales | I7: Fondo Inclusión Social | J7: Fondo de Financ. Educativo | K7: Fondo Emergencia y Fort. Inversión Municipal (FEFIM) | N7: Total
A8: ADOLFO ALSINA | B8: 1.6818117e+09 | C8: 0 | D8: 46251173 | E8: 29111979 | F8: 4243913.9 | G8: 1938115.6 | H8: 96201639 | I8: 12704429 | J8: 1.6359363e+08 | K8: 0 | L8: 0 | M8: 0 | N8: =SUM(B8:M8) -> 2.0358566e+09
A9: ADOLFO GONZALES CHAVES | B9: 8.8229193e+08 | C9: 0 | D9: 30215314 | E9: 14652936 | F9: 2973375.7 | G9: 1434205.6 | H9: 50468153 | I9: 8900991.4 | J9: 1.2406142e+08 | K9: 0 | L9: 0 | M9: 0 | N9: =SUM(B9:M9) -> 1.1149983e+09
A10: ALBERTI | B10: 9.3612868e+08 | C10: 0 | D10: 14605697 | E10: 16504615 | F10: 2077145.4 | G10: 1434205.6 | H10: 53547680 | I10: 6218068.5 | J10: 73323622 | K10: 0 | L10: 0 | M10: 0 | N10: =SUM(B10:M10) -> 1.1038397e+09
A11: ALMIRANTE BROWN | B11: 7.372921e+09 | C11: 0 | D11: 65437255 | E11: 99400015 | F11: 2.2295046e+08 | G11: 1.1678721e+08 | H11: 4.217399e+08 | I11: 6.6741654e+08 | J11: 1.3795212e+09 | K11: 0 | L11: 0 | M11: 0 | N11: =SUM(B11:M11) -> 1.0346174e+10
A12: ARRECIFES | B12: 9.6565088e+08 | C12: 0 | D12: 19420158 | E12: 16104724 | F12: 7623229.1 | G12: 3566132.8 | H12: 55236385 | I12: 22820627 | J12: 1.4874488e+08 | K12: 0 | L12: 0 | M12: 0 | N12: =SUM(B12:M12) -> 1.239167e+09
A13: AVELLANEDA | B13: 4.3948832e+09 | C13: 0 | D13: 56177348 | E13: 61907894 | F13: 1.084175e+08 | G13: 0 | H13: 2.5139257e+08 | I13: 3.2455477e+08 | J13: 1.0257738e+09 | K13: 0 | L13: 0 | M13: 0 | N13: =SUM(B13:M13) -> 6.2231071e+09
A14: AYACUCHO | B14: 1.5392617e+09 | C14: 0 | D14: 51514117 | E14: 25766472 | F14: 4934538.4 | G14: 2422644.5 | H14: 88047607 | I14: 14771858 | J14: 2.2020844e+08 | K14: 0 | L14: 0 | M14: 0 | N14: =SUM(B14:M14) -> 1.9469273e+09
A15: AZUL | B15: 2.5851542e+09 | C15: 0 | D15: 58962934 | E15: 43362107 | F15: 18383264 | G15: 8392040.7 | H15: 1.4787391e+08 | I15: 55031484 | J15: 3.5134567e+08 | K15: 0 | L15: 0 | M15: 0 | N15: =SUM(B15:M15) -> 3.2685056e+09
A16: BAHIA BLANCA | B16: 4.8692187e+09 | C16: 0 | D16: 92545871 | E16: 65835621 | F16: 68561615 | G16: 37231201 | H16: 2.7852513e+08 | I16: 2.0524361e+08 | J16: 8.7278789e+08 | K16: 0 | L16: 0 | M16: 0 | N16: =SUM(B16:M16) -> 6.4899497e+09
A17: BALCARCE | B17: 1.8797754e+09 | C17: 0 | D17: 62314555 | E17: 31218952 | F17: 14081359 | G17: 5426723.8 | H17: 1.075254e+08 | I17: 42153454 | J17: 2.3657519e+08 | K17: 0 | L17: 0 | M17: 0 | N17: =SUM(B17:M17) -> 2.3790711e+09
A18: BARADERO | B18: 1.0603053e+09 | C18: 0 | D18: 24524759 | E18: 17609348 | F18: 9489496.9 | G18: 4418903.6 | H18: 60650729 | I18: 28407419 | J18: 1.9287369e+08 | K18: 0 | L18: 0 | M18: 0 | N18: =SUM(B18:M18) -> 1.3982796e+09
A19: BENITO JUAREZ | B19: 1.7217492e+09 | C19: 0 | D19: 49481454 | E19: 28642596 | F19: 3832702.3 | G19: 2461406.8 | H19: 98486111 | I19: 11473441 | J19: 1.6780658e+08 | K19: 0 | L19: 0 | M19: 0 | N19: =SUM(B19:M19) -> 2.0839335e+09
... A142: ZARATE | B142: 2.0144407e+09 | C142: 0 | D142: 29352548 | E142: 26544290 | F142: 50204710 | G142: 14632773 | H142: 1.1522841e+08 | I142: 1.5029103e+08 | J142: 4.1919153e+08 | K142: 0 | L142: 0 | M142: 0 | N142: =SUM(B142:M142) -> 2.819886e+09
A143: CONSOLIDADO 135 MUNICIPIOS | B143: =SUM(B8:B142) -> 3.6673536e+11 | C143: =SUM(C8:C142) -> 0 | D143: =SUM(D8:D142) -> 5.2280284e+09 | E143: =SUM(E8:E142) -> 5.6590889e+09 | F143: =SUM(F8:F142) -> 5.2719427e+09 | G143: =SUM(G8:G142) -> 1.9381156e+09 | H143: =SUM(H8:H142) -> 2.0977701e+10 | I143: =SUM(I8:I142) -> 1.57819e+10 | ... N143: =SUM(N8:N142) -> 4.7357811e+11

Sheet JULIO
A3: TRANSFERENCIAS DE FONDOS
A4: MES DE JULIO 2026
N5: (En pesos)
A6: Municipio | B6: JULIO 2026
B7: Coparticipación Bruta | C7: Omisión Coparticiación 2024 | D7: Descentralización | E7: Juegos de Azar | F7: F.F.P.S. (Programas Sociales) | G7: F.S.A. (Tratamiento de Residuos) | H7: Fondo Fort. Recursos Municipales | I7: Fondo Inclusión Social | J7: Fondo de Financ. Educativo | K7: Fondo Fortalecimiento Fiscal Municipal | L7: Fdo. Para Infrestructura Municipal 2017 | M7: Fdo Ley 14890 | N7: Total
A8: ADOLFO ALSINA | K8: 0 | L8: 0 | M8: 0 | N8: =SUM(B8:M8) -> 0
A9: ADOLFO GONZALES CHAVES | K9: 0 | L9: 0 | M9: 0 | N9: =SUM(B9:M9) -> 0
A10: ALBERTI | K10: 0 | L10: 0 | M10: 0 | N10: =SUM(B10:M10) -> 0
A11: ALMIRANTE BROWN | K11: 0 | L11: 0 | M11: 0 | N11: =SUM(B11:M11) -> 0
A12: ARRECIFES | K12: 0 | L12: 0 | M12: 0 | N12: =SUM(B12:M12) -> 0
A13: AVELLANEDA | K13: 0 | L13: 0 | M13: 0 | N13: =SUM(B13:M13) -> 0
A14: AYACUCHO | K14: 0 | L14: 0 | M14: 0 | N14: =SUM(B14:M14) -> 0
A15: AZUL | K15: 0 | L15: 0 | M15: 0 | N15: =SUM(B15:M15) -> 0
A16: BAHIA BLANCA | K16: 0 | L16: 0 | M16: 0 | N16: =SUM(B16:M16) -> 0
A17: BALCARCE | K17: 0 | L17: 0 | M17: 0 | N17: =SUM(B17:M17) -> 0
A18: BARADERO | K18: 0 | L18: 0 | M18: 0 | N18: =SUM(B18:M18) -> 0
A19: BENITO JUAREZ | K19: 0 | L19: 0 | M19: 0 | N19: =SUM(B19:M19) -> 0
... A142: ZARATE | K142: 0 | L142: 0 | M142: 0 | N142: =SUM(B142:M142) -> 0
A143: CONSOLIDADO 135 MUNICIPIOS | B143: =SUM(B8:B142) -> 0 | C143: =SUM(C8:C142) -> 0 | D143: =SUM(D8:D142) -> 0 | E143: =SUM(E8:E142) -> 0 | F143: =SUM(F8:F142) -> 0 | G143: =SUM(G8:G142) -> 0 | H143: =SUM(H8:H142) -> 0 | I143: =SUM(I8:I142) -> 0 | ... N143: =SUM(N8:N142) -> 0

Sheet AGOSTO
A3: TRANSFERENCIAS DE FONDOS
A4: MES DE AGOSTO 2026
N5: (En pesos)
A6: Municipio | B6: AGOSTO 2026
B7: Coparticipación Bruta | C7: Omisión Coparticiación 2023 | D7: Descentralización | E7: Juegos de Azar | F7: F.F.P.S. (Programas Sociales) | G7: F.S.A. (Tratamiento de Residuos) | H7: Fondo Fort. Recursos Municipales | I7: Fondo Inclusión Social | J7: Fondo de Financ. Educativo | K7: Fondo Fortalecimiento Fiscal Municipal | L7: Fdo. Para Infrestructura Municipal 2017 | M7: Fdo Ley 14890 | N7: Total
A8: ADOLFO ALSINA | K8: 0 | L8: 0 | M8: 0 | N8: =SUM(B8:M8) -> 0
A9: ADOLFO GONZALES CHAVES | K9: 0 | L9: 0 | M9: 0 | N9: =SUM(B9:M9) -> 0
A10: ALBERTI | K10: 0 | L10: 0 | M10: 0 | N10: =SUM(B10:M10) -> 0
A11: ALMIRANTE BROWN | K11: 0 | L11: 0 | M11: 0 | N11: =SUM(B11:M11) -> 0
A12: ARRECIFES | K12: 0 | L12: 0 | M12: 0 | N12: =SUM(B12:M12) -> 0
A13: AVELLANEDA | K13: 0 | L13: 0 | M13: 0 | N13: =SUM(B13:M13) -> 0
A14: AYACUCHO | K14: 0 | L14: 0 | M14: 0 | N14: =SUM(B14:M14) -> 0
A15: AZUL | K15: 0 | L15: 0 | M15: 0 | N15: =SUM(B15:M15) -> 0
A16: BAHIA BLANCA | K16: 0 | L16: 0 | M16: 0 | N16: =SUM(B16:M16) -> 0
A17: BALCARCE | K17: 0 | L17: 0 | M17: 0 | N17: =SUM(B17:M17) -> 0
A18: BARADERO | K18: 0 | L18: 0 | M18: 0 | N18: =SUM(B18:M18) -> 0
A19: BENITO JUAREZ | K19: 0 | L19: 0 | M19: 0 | N19: =SUM(B19:M19) -> 0
... A142: ZARATE | K142: 0 | L142: 0 | M142: 0 | N142: =SUM(B142:M142) -> 0
A143: CONSOLIDADO 135 MUNICIPIOS | B143: =SUM(B8:B142) -> 0 | C143: =SUM(C8:C142) -> 0 | D143: =SUM(D8:D142) -> 0 | E143: =SUM(E8:E142) -> 0 | F143: =SUM(F8:F142) -> 0 | G143: =SUM(G8:G142) -> 0 | H143: =SUM(H8:H142) -> 0 | I143: =SUM(I8:I142) -> 0 | ... N143: =SUM(N8:N142) -> 0

Sheet SEPTIEMBRE
A3: TRANSFERENCIAS DE FONDOS
A4: MES DE SEPTIEMBRE 2026
N5: (En pesos)
A6: Municipio | B6: SEPTIEMBRE 2026
B7: Coparticipación Bruta | C7: Omisión Coparticiación 2024 | D7: Descentralización | E7: Juegos de Azar | F7: F.F.P.S. (Programas Sociales) | G7: F.S.A. (Tratamiento de Residuos) | H7: Fondo Fort. Recursos Municipales | I7: Fondo Inclusión Social | J7: Fondo de Financ. Educativo | K7: Fondo Fortalecimiento Fiscal Municipal | L7: Fdo. Para Infrestructura Municipal 2017 | M7: Fdo Ley 14890 | N7: Total
A8: ADOLFO ALSINA | K8: 0 | L8: 0 | M8: 0 | N8: =SUM(B8:M8) -> 0
A9: ADOLFO GONZALES CHAVES | K9: 0 | L9: 0 | M9: 0 | N9: =SUM(B9:M9) -> 0
A10: ALBERTI | K10: 0 | L10: 0 | M10: 0 | N10: =SUM(B10:M10) -> 0
A11: ALMIRANTE BROWN | K11: 0 | L11: 0 | M11: 0 | N11: =SUM(B11:M11) -> 0
A12: ARRECIFES | K12: 0 | L12: 0 | M12: 0 | N12: =SUM(B12:M12) -> 0
A13: AVELLANEDA | K13: 0 | L13: 0 | M13: 0 | N13: =SUM(B13:M13) -> 0
A14: AYACUCHO | K14: 0 | L14: 0 | M14: 0 | N14: =SUM(B14:M14) -> 0
A15: AZUL | K15: 0 | L15: 0 | M15: 0 | N15: =SUM(B15:M15) -> 0
A16: BAHIA BLANCA | K16: 0 | L16: 0 | M16: 0 | N16: =SUM(B16:M16) -> 0
A17: BALCARCE | K17: 0 | L17: 0 | M17: 0 | N17: =SUM(B17:M17) -> 0
A18: BARADERO | K18: 0 | L18: 0 | M18: 0 | N18: =SUM(B18:M18) -> 0
A19: BENITO JUAREZ | K19: 0 | L19: 0 | M19: 0 | N19: =SUM(B19:M19) -> 0
... A142: ZARATE | K142: 0 | L142: 0 | M142: 0 | N142: =SUM(B142:M142) -> 0
A143: CONSOLIDADO 135 MUNICIPIOS | B143: =SUM(B8:B142) -> 0 | C143: =SUM(C8:C142) -> 0 | D143: =SUM(D8:D142) -> 0 | E143: =SUM(E8:E142) -> 0 | F143: =SUM(F8:F142) -> 0 | G143: =SUM(G8:G142) -> 0 | H143: =SUM(H8:H142) -> 0 | I143: =SUM(I8:I142) -> 0 | ... N143: =SUM(N8:N142) -> 0

Sheet OCTUBRE
A3: TRANSFERENCIAS DE FONDOS
A4: MES DE OCTUBRE 2026
N5: (En pesos)
A6: Municipio | B6: OCTUBRE 2026
B7: Coparticipación Bruta | C7: Omisión Coparticiación 2023 | D7: Descentralización | E7: Juegos de Azar | F7: F.F.P.S. (Programas Sociales) | G7: F.S.A. (Tratamiento de Residuos) | H7: Fondo Fort. Recursos Municipales | I7: Fondo Inclusión Social | J7: Fondo de Financ. Educativo | K7: Fondo Fortalecimiento Fiscal Municipal | L7: Fdo. Para Infrestructura Municipal 2017 | M7: Fdo Ley 14890 | N7: Total
A8: ADOLFO ALSINA | K8: 0 | L8: 0 | M8: 0 | N8: =SUM(B8:M8) -> 0
A9: ADOLFO GONZALES CHAVES | K9: 0 | L9: 0 | M9: 0 | N9: =SUM(B9:M9) -> 0
A10: ALBERTI | K10: 0 | L10: 0 | M10: 0 | N10: =SUM(B10:M10) -> 0
A11: ALMIRANTE BROWN | K11: 0 | L11: 0 | M11: 0 | N11: =SUM(B11:M11) -> 0
A12: ARRECIFES | K12: 0 | L12: 0 | M12: 0 | N12: =SUM(B12:M12) -> 0
A13: AVELLANEDA | K13: 0 | L13: 0 | M13: 0 | N13: =SUM(B13:M13) -> 0
A14: AYACUCHO | K14: 0 | L14: 0 | M14: 0 | N14: =SUM(B14:M14) -> 0
A15: AZUL | K15: 0 | L15: 0 | M15: 0 | N15: =SUM(B15:M15) -> 0
A16: BAHIA BLANCA | K16: 0 | L16: 0 | M16: 0 | N16: =SUM(B16:M16) -> 0
A17: BALCARCE | K17: 0 | L17: 0 | M17: 0 | N17: =SUM(B17:M17) -> 0
A18: BARADERO | K18: 0 | L18: 0 | M18: 0 | N18: =SUM(B18:M18) -> 0
A19: BENITO JUAREZ | K19: 0 | L19: 0 | M19: 0 | N19: =SUM(B19:M19) -> 0
... A142: ZARATE | K142: 0 | L142: 0 | M142: 0 | N142: =SUM(B142:M142) -> 0
A143: CONSOLIDADO 135 MUNICIPIOS | B143: =SUM(B8:B142) -> 0 | C143: =SUM(C8:C142) -> 0 | D143: =SUM(D8:D142) -> 0 | E143: =SUM(E8:E142) -> 0 | F143: =SUM(F8:F142) -> 0 | G143: =SUM(G8:G142) -> 0 | H143: =SUM(H8:H142) -> 0 | I143: =SUM(I8:I142) -> 0 | ... N143: =SUM(N8:N142) -> 0

Sheet NOVIEMBRE
A3: TRANSFERENCIAS DE FONDOS
A4: MES DE NOVIEMBRE 2026
N5: (En pesos)
A6: Municipio | B6: NOVIEMBRE 2026
B7: Coparticipación Bruta | C7: Omisión Coparticiación 2023 | D7: Descentralización | E7: Juegos de Azar | F7: F.F.P.S. (Programas Sociales) | G7: F.S.A. (Tratamiento de Residuos) | H7: Fondo Fort. Recursos Municipales | I7: Fondo Inclusión Social | J7: Fondo de Financ. Educativo | K7: Fondo Fortalecimiento Fiscal Municipal | M7: Fdo Ley 14890 | N7: Total
A8: ADOLFO ALSINA | K8: 0 | L8: 0 | M8: 0 | N8: =SUM(B8:M8) -> 0
A9: ADOLFO GONZALES CHAVES | K9: 0 | L9: 0 | M9: 0 | N9: =SUM(B9:M9) -> 0
A10: ALBERTI | K10: 0 | L10: 0 | M10: 0 | N10: =SUM(B10:M10) -> 0
A11: ALMIRANTE BROWN | K11: 0 | L11: 0 | M11: 0 | N11: =SUM(B11:M11) -> 0
A12: ARRECIFES | K12: 0 | L12: 0 | M12: 0 | N12: =SUM(B12:M12) -> 0
A13: AVELLANEDA | K13: 0 | L13: 0 | M13: 0 | N13: =SUM(B13:M13) -> 0
A14: AYACUCHO | K14: 0 | L14: 0 | M14: 0 | N14: =SUM(B14:M14) -> 0
A15: AZUL | K15: 0 | L15: 0 | M15: 0 | N15: =SUM(B15:M15) -> 0
A16: BAHIA BLANCA | K16: 0 | L16: 0 | M16: 0 | N16: =SUM(B16:M16) -> 0
A17: BALCARCE | K17: 0 | L17: 0 | M17: 0 | N17: =SUM(B17:M17) -> 0
A18: BARADERO | K18: 0 | L18: 0 | M18: 0 | N18: =SUM(B18:M18) -> 0
A19: BENITO JUAREZ | K19: 0 | L19: 0 | M19: 0 | N19: =SUM(B19:M19) -> 0
... A142: ZARATE | K142: 0 | L142: 0 | M142: 0 | N142: =SUM(B142:M142) -> 0
A143: CONSOLIDADO 135 MUNICIPIOS | B143: =SUM(B8:B142) -> 0 | C143: =SUM(C8:C142) -> 0 | D143: =SUM(D8:D142) -> 0 | E143: =SUM(E8:E142) -> 0 | F143: =SUM(F8:F142) -> 0 | G143: =SUM(G8:G142) -> 0 | H143: =SUM(H8:H142) -> 0 | I143: =SUM(I8:I142) -> 0 | ... N143: =SUM(N8:N142) -> 0

Sheet DICIEMBRE
A3: TRANSFERENCIAS DE FONDOS
A4: MES DE DICIEMBRE 2026
N5: (En pesos)
A6: Municipio | B6: DICIEMBRE 2026
B7: Coparticipación Bruta | C7: Omisión Coparticiación 2023 | D7: Descentralización | E7: Juegos de Azar | F7: F.F.P.S. (Programas Sociales) | G7: F.S.A. (Tratamiento de Residuos) | H7: Fondo Fort. Recursos Municipales | I7: Fondo Inclusión Social | J7: Fondo de Financ. Educativo | K7: Fondo Fortalecimiento Fiscal Municipal | L7: Fdo. Para Infrestructura Municipal 2017 | M7: Fdo Ley 14890 | N7: Total
A8: ADOLFO ALSINA | N8: =SUM(B8:M8) -> 0
A9: ADOLFO GONZALES CHAVES | N9: =SUM(B9:M9) -> 0
A10: ALBERTI | N10: =SUM(B10:M10) -> 0
A11: ALMIRANTE BROWN | N11: =SUM(B11:M11) -> 0
A12: ARRECIFES | N12: =SUM(B12:M12) -> 0
A13: AVELLANEDA | N13: =SUM(B13:M13) -> 0
A14: AYACUCHO | N14: =SUM(B14:M14) -> 0
A15: AZUL | N15: =SUM(B15:M15) -> 0
A16: BAHIA BLANCA | N16: =SUM(B16:M16) -> 0
A17: BALCARCE | N17: =SUM(B17:M17) -> 0
A18: BARADERO | N18: =SUM(B18:M18) -> 0
A19: BENITO JUAREZ | N19: =SUM(B19:M19) -> 0
... A142: ZARATE | N142: =SUM(B142:M142) -> 0
A143: CONSOLIDADO 135 MUNICIPIOS | B143: =SUM(B8:B142) -> 0 | C143: =SUM(C8:C142) -> 0 | D143: =SUM(D8:D142) -> 0 | E143: =SUM(E8:E142) -> 0 | F143: =SUM(F8:F142) -> 0 | G143: =SUM(G8:G142) -> 0 | H143: =SUM(H8:H142) -> 0 | I143: =SUM(I8:I142) -> 0 | ... N143: =SUM(N8:N142) -> 0

Sheet Acumulado
A3: TRANSFERENCIAS DE FONDOS
A4: ACUMULADO ENERO - JUNIO 2026
N5: (En pesos)
A6: Municipio | B6: Acumulado ENERO - JUNIO 2026
B7: Coparticipación Bruta | C7: Omisión Coparticiación 2025 | D7: Descentralización | E7: Juegos de Azar | F7: F.F.P.S. (Programas Sociales) | G7: F.S.A. (Tratamiento de Residuos) | H7: Fondo Fort. Recursos Municipales | I7: Fondo Inclusión Social | J7: Fondo de Financ. Educativo | K7: Fondo Emergencia y Fort. Inversión Municipal (FEFIM) | N7: Total
A8: ADOLFO ALSINA | B8: =ENERO!B8+FEBRERO!B8+MARZO!B8+ABRIL!B8+MAYO!B8+JUNIO!B8+JULIO!B8+AGOSTO!B8+SEPTIEMBRE!B8+OCTUBRE!B8+NOVIEMBRE!B8+DICIEMBRE!B8 -> 9.6785238e+09 | C8: =ENERO!C8+FEBRERO!C8+MARZO!C8+ABRIL!C8+MAYO!C8+JUNIO!C8+JULIO!C8+AGOSTO!C8+SEPTIEMBRE!C8+OCTUBRE!C8+NOVIEMBRE!C8+DICIEMBRE!C8 -> 0 | D8: =ENERO!D8+FEBRERO!D8+MARZO!D8+ABRIL!D8+MAYO!D8+JUNIO!D8+JULIO!D8+AGOSTO!D8+SEPTIEMBRE!D8+OCTUBRE!D8+NOVIEMBRE!D8+DICIEMBRE!D8 -> 5.5058148e+08 | E8: =ENERO!E8+FEBRERO!E8+MARZO!E8+ABRIL!E8+MAYO!E8+JUNIO!E8+JULIO!E8+AGOSTO!E8+SEPTIEMBRE!E8+OCTUBRE!E8+NOVIEMBRE!E8+DICIEMBRE!E8 -> 1.1974214e+08 | F8: =ENERO!F8+FEBRERO!F8+MARZO!F8+ABRIL!F8+MAYO!F8+JUNIO!F8+JULIO!F8+AGOSTO!F8+SEPTIEMBRE!F8+OCTUBRE!F8+NOVIEMBRE!F8+DICIEMBRE!F8 -> 27682523 | G8: =ENERO!G8+FEBRERO!G8+MARZO!G8+ABRIL!G8+MAYO!G8+JUNIO!G8+JULIO!G8+AGOSTO!G8+SEPTIEMBRE!G8+OCTUBRE!G8+NOVIEMBRE!G8+DICIEMBRE!G8 -> 11968055 | H8: =ENERO!H8+FEBRERO!H8+MARZO!H8+ABRIL!H8+MAYO!H8+JUNIO!H8+JULIO!H8+AGOSTO!H8+SEPTIEMBRE!H8+OCTUBRE!H8+NOVIEMBRE!H8+DICIEMBRE!H8 -> 5.5840134e+08 | I8: =ENERO!I8+FEBRERO!I8+MARZO!I8+ABRIL!I8+MAYO!I8+JUNIO!I8+JULIO!I8+AGOSTO!I8+SEPTIEMBRE!I8+OCTUBRE!I8+NOVIEMBRE!I8+DICIEMBRE!I8 -> 74383894 | ... K8: =ENERO!K8+FEBRERO!K8+MARZO!K8+ABRIL!K8+MAYO!K8+JUNIO!K8+JULIO!K8+AGOSTO!K8+SEPTIEMBRE!K8+OCTUBRE!K8+NOVIEMBRE!K8+DICIEMBRE!K8 -> 1.0909823e+08 | N8: =SUM(B8:M8) -> 1.2057412e+10
A9: ADOLFO GONZALES CHAVES | B9: =ENERO!B9+FEBRERO!B9+MARZO!B9+ABRIL!B9+MAYO!B9+JUNIO!B9+JULIO!B9+AGOSTO!B9+SEPTIEMBRE!B9+OCTUBRE!B9+NOVIEMBRE!B9+DICIEMBRE!B9 -> 5.0774314e+09 | C9: =ENERO!C9+FEBRERO!C9+MARZO!C9+ABRIL!C9+MAYO!C9+JUNIO!C9+JULIO!C9+AGOSTO!C9+SEPTIEMBRE!C9+OCTUBRE!C9+NOVIEMBRE!C9+DICIEMBRE!C9 -> 0 | D9: =ENERO!D9+FEBRERO!D9+MARZO!D9+ABRIL!D9+MAYO!D9+JUNIO!D9+JULIO!D9+AGOSTO!D9+SEPTIEMBRE!D9+OCTUBRE!D9+NOVIEMBRE!D9+DICIEMBRE!D9 -> 4.7855142e+08 | E9: =ENERO!E9+FEBRERO!E9+MARZO!E9+ABRIL!E9+MAYO!E9+JUNIO!E9+JULIO!E9+AGOSTO!E9+SEPTIEMBRE!E9+OCTUBRE!E9+NOVIEMBRE!E9+DICIEMBRE!E9 -> 64671909 | F9: =ENERO!F9+FEBRERO!F9+MARZO!F9+ABRIL!F9+MAYO!F9+JUNIO!F9+JULIO!F9+AGOSTO!F9+SEPTIEMBRE!F9+OCTUBRE!F9+NOVIEMBRE!F9+DICIEMBRE!F9 -> 19394960 | G9: =ENERO!G9+FEBRERO!G9+MARZO!G9+ABRIL!G9+MAYO!G9+JUNIO!G9+JULIO!G9+AGOSTO!G9+SEPTIEMBRE!G9+OCTUBRE!G9+NOVIEMBRE!G9+DICIEMBRE!G9 -> 8856360.7 | H9: =ENERO!H9+FEBRERO!H9+MARZO!H9+ABRIL!H9+MAYO!H9+JUNIO!H9+JULIO!H9+AGOSTO!H9+SEPTIEMBRE!H9+OCTUBRE!H9+NOVIEMBRE!H9+DICIEMBRE!H9 -> 2.9566828e+08 | I9: =ENERO!I9+FEBRERO!I9+MARZO!I9+ABRIL!I9+MAYO!I9+JUNIO!I9+JULIO!I9+AGOSTO!I9+SEPTIEMBRE!I9+OCTUBRE!I9+NOVIEMBRE!I9+DICIEMBRE!I9 -> 52114927 | ... K9: =ENERO!K9+FEBRERO!K9+MARZO!K9+ABRIL!K9+MAYO!K9+JUNIO!K9+JULIO!K9+AGOSTO!K9+SEPTIEMBRE!K9+OCTUBRE!K9+NOVIEMBRE!K9+DICIEMBRE!K9 -> 60509749 | N9: =SUM(B9:M9) -> 6.7602137e+09
A10: ALBERTI | B10: =ENERO!B10+FEBRERO!B10+MARZO!B10+ABRIL!B10+MAYO!B10+JUNIO!B10+JULIO!B10+AGOSTO!B10+SEPTIEMBRE!B10+OCTUBRE!B10+NOVIEMBRE!B10+DICIEMBRE!B10 -> 5.3872522e+09 | C10: =ENERO!C10+FEBRERO!C10+MARZO!C10+ABRIL!C10+MAYO!C10+JUNIO!C10+JULIO!C10+AGOSTO!C10+SEPTIEMBRE!C10+OCTUBRE!C10+NOVIEMBRE!C10+DICIEMBRE!C10 -> 0 | D10: =ENERO!D10+FEBRERO!D10+MARZO!D10+ABRIL!D10+MAYO!D10+JUNIO!D10+JULIO!D10+AGOSTO!D10+SEPTIEMBRE!D10+OCTUBRE!D10+NOVIEMBRE!D10+DICIEMBRE!D10 -> 3.3570037e+08 | E10: =ENERO!E10+FEBRERO!E10+MARZO!E10+ABRIL!E10+MAYO!E10+JUNIO!E10+JULIO!E10+AGOSTO!E10+SEPTIEMBRE!E10+OCTUBRE!E10+NOVIEMBRE!E10+DICIEMBRE!E10 -> 69812369 | F10: =ENERO!F10+FEBRERO!F10+MARZO!F10+ABRIL!F10+MAYO!F10+JUNIO!F10+JULIO!F10+AGOSTO!F10+SEPTIEMBRE!F10+OCTUBRE!F10+NOVIEMBRE!F10+DICIEMBRE!F10 -> 13548961 | G10: =ENERO!G10+FEBRERO!G10+MARZO!G10+ABRIL!G10+MAYO!G10+JUNIO!G10+JULIO!G10+AGOSTO!G10+SEPTIEMBRE!G10+OCTUBRE!G10+NOVIEMBRE!G10+DICIEMBRE!G10 -> 8856360.7 | H10: =ENERO!H10+FEBRERO!H10+MARZO!H10+ABRIL!H10+MAYO!H10+JUNIO!H10+JULIO!H10+AGOSTO!H10+SEPTIEMBRE!H10+OCTUBRE!H10+NOVIEMBRE!H10+DICIEMBRE!H10 -> 3.1400062e+08 | I10: =ENERO!I10+FEBRERO!I10+MARZO!I10+ABRIL!I10+MAYO!I10+JUNIO!I10+JULIO!I10+AGOSTO!I10+SEPTIEMBRE!I10+OCTUBRE!I10+NOVIEMBRE!I10+DICIEMBRE!I10 -> 36406527 | ... K10: =ENERO!K10+FEBRERO!K10+MARZO!K10+ABRIL!K10+MAYO!K10+JUNIO!K10+JULIO!K10+AGOSTO!K10+SEPTIEMBRE!K10+OCTUBRE!K10+NOVIEMBRE!K10+DICIEMBRE!K10 -> 64551531 | N10: =SUM(B10:M10) -> 6.6456295e+09
A11: ALMIRANTE BROWN | B11: =ENERO!B11+FEBRERO!B11+MARZO!B11+ABRIL!B11+MAYO!B11+JUNIO!B11+JULIO!B11+AGOSTO!B11+SEPTIEMBRE!B11+OCTUBRE!B11+NOVIEMBRE!B11+DICIEMBRE!B11 -> 4.2429835e+10 | C11: =ENERO!C11+FEBRERO!C11+MARZO!C11+ABRIL!C11+MAYO!C11+JUNIO!C11+JULIO!C11+AGOSTO!C11+SEPTIEMBRE!C11+OCTUBRE!C11+NOVIEMBRE!C11+DICIEMBRE!C11 -> 0 | D11: =ENERO!D11+FEBRERO!D11+MARZO!D11+ABRIL!D11+MAYO!D11+JUNIO!D11+JULIO!D11+AGOSTO!D11+SEPTIEMBRE!D11+OCTUBRE!D11+NOVIEMBRE!D11+DICIEMBRE!D11 -> 3.6237853e+08 | E11: =ENERO!E11+FEBRERO!E11+MARZO!E11+ABRIL!E11+MAYO!E11+JUNIO!E11+JULIO!E11+AGOSTO!E11+SEPTIEMBRE!E11+OCTUBRE!E11+NOVIEMBRE!E11+DICIEMBRE!E11 -> 6.3055307e+08 | F11: =ENERO!F11+FEBRERO!F11+MARZO!F11+ABRIL!F11+MAYO!F11+JUNIO!F11+JULIO!F11+AGOSTO!F11+SEPTIEMBRE!F11+OCTUBRE!F11+NOVIEMBRE!F11+DICIEMBRE!F11 -> 1.4542781e+09 | G11: =ENERO!G11+FEBRERO!G11+MARZO!G11+ABRIL!G11+MAYO!G11+JUNIO!G11+JULIO!G11+AGOSTO!G11+SEPTIEMBRE!G11+OCTUBRE!G11+NOVIEMBRE!G11+DICIEMBRE!G11 -> 7.2933257e+08 | H11: =ENERO!H11+FEBRERO!H11+MARZO!H11+ABRIL!H11+MAYO!H11+JUNIO!H11+JULIO!H11+AGOSTO!H11+SEPTIEMBRE!H11+OCTUBRE!H11+NOVIEMBRE!H11+DICIEMBRE!H11 -> 2.4663212e+09 | I11: =ENERO!I11+FEBRERO!I11+MARZO!I11+ABRIL!I11+MAYO!I11+JUNIO!I11+JULIO!I11+AGOSTO!I11+SEPTIEMBRE!I11+OCTUBRE!I11+NOVIEMBRE!I11+DICIEMBRE!I11 -> 3.9076955e+09 | ... K11: =ENERO!K11+FEBRERO!K11+MARZO!K11+ABRIL!K11+MAYO!K11+JUNIO!K11+JULIO!K11+AGOSTO!K11+SEPTIEMBRE!K11+OCTUBRE!K11+NOVIEMBRE!K11+DICIEMBRE!K11 -> 5.0030983e+08 | N11: =SUM(B11:M11) -> 6.029799e+10
A12: ARRECIFES | B12: =ENERO!B12+FEBRERO!B12+MARZO!B12+ABRIL!B12+MAYO!B12+JUNIO!B12+JULIO!B12+AGOSTO!B12+SEPTIEMBRE!B12+OCTUBRE!B12+NOVIEMBRE!B12+DICIEMBRE!B12 -> 5.5571471e+09 | C12: =ENERO!C12+FEBRERO!C12+MARZO!C12+ABRIL!C12+MAYO!C12+JUNIO!C12+JULIO!C12+AGOSTO!C12+SEPTIEMBRE!C12+OCTUBRE!C12+NOVIEMBRE!C12+DICIEMBRE!C12 -> 0 | D12: =ENERO!D12+FEBRERO!D12+MARZO!D12+ABRIL!D12+MAYO!D12+JUNIO!D12+JULIO!D12+AGOSTO!D12+SEPTIEMBRE!D12+OCTUBRE!D12+NOVIEMBRE!D12+DICIEMBRE!D12 -> 4.1116884e+08 | E12: =ENERO!E12+FEBRERO!E12+MARZO!E12+ABRIL!E12+MAYO!E12+JUNIO!E12+JULIO!E12+AGOSTO!E12+SEPTIEMBRE!E12+OCTUBRE!E12+NOVIEMBRE!E12+DICIEMBRE!E12 -> 70822501 | F12: =ENERO!F12+FEBRERO!F12+MARZO!F12+ABRIL!F12+MAYO!F12+JUNIO!F12+JULIO!F12+AGOSTO!F12+SEPTIEMBRE!F12+OCTUBRE!F12+NOVIEMBRE!F12+DICIEMBRE!F12 -> 49725376 | G12: =ENERO!G12+FEBRERO!G12+MARZO!G12+ABRIL!G12+MAYO!G12+JUNIO!G12+JULIO!G12+AGOSTO!G12+SEPTIEMBRE!G12+OCTUBRE!G12+NOVIEMBRE!G12+DICIEMBRE!G12 -> 22021221 | H12: =ENERO!H12+FEBRERO!H12+MARZO!H12+ABRIL!H12+MAYO!H12+JUNIO!H12+JULIO!H12+AGOSTO!H12+SEPTIEMBRE!H12+OCTUBRE!H12+NOVIEMBRE!H12+DICIEMBRE!H12 -> 3.2333563e+08 | I12: =ENERO!I12+FEBRERO!I12+MARZO!I12+ABRIL!I12+MAYO!I12+JUNIO!I12+JULIO!I12+AGOSTO!I12+SEPTIEMBRE!I12+OCTUBRE!I12+NOVIEMBRE!I12+DICIEMBRE!I12 -> 1.336138e+08 | ... K12: =ENERO!K12+FEBRERO!K12+MARZO!K12+ABRIL!K12+MAYO!K12+JUNIO!K12+JULIO!K12+AGOSTO!K12+SEPTIEMBRE!K12+OCTUBRE!K12+NOVIEMBRE!K12+DICIEMBRE!K12 -> 65905428 | N12: =SUM(B12:M12) -> 7.4766276e+09
A13: AVELLANEDA | B13: =ENERO!B13+FEBRERO!B13+MARZO!B13+ABRIL!B13+MAYO!B13+JUNIO!B13+JULIO!B13+AGOSTO!B13+SEPTIEMBRE!B13+OCTUBRE!B13+NOVIEMBRE!B13+DICIEMBRE!B13 -> 2.5291763e+10 | C13: =ENERO!C13+FEBRERO!C13+MARZO!C13+ABRIL!C13+MAYO!C13+JUNIO!C13+JULIO!C13+AGOSTO!C13+SEPTIEMBRE!C13+OCTUBRE!C13+NOVIEMBRE!C13+DICIEMBRE!C13 -> 0 | D13: =ENERO!D13+FEBRERO!D13+MARZO!D13+ABRIL!D13+MAYO!D13+JUNIO!D13+JULIO!D13+AGOSTO!D13+SEPTIEMBRE!D13+OCTUBRE!D13+NOVIEMBRE!D13+DICIEMBRE!D13 -> 2.8327982e+08 | E13: =ENERO!E13+FEBRERO!E13+MARZO!E13+ABRIL!E13+MAYO!E13+JUNIO!E13+JULIO!E13+AGOSTO!E13+SEPTIEMBRE!E13+OCTUBRE!E13+NOVIEMBRE!E13+DICIEMBRE!E13 -> 3.7463308e+08 | F13: =ENERO!F13+FEBRERO!F13+MARZO!F13+ABRIL!F13+MAYO!F13+JUNIO!F13+JULIO!F13+AGOSTO!F13+SEPTIEMBRE!F13+OCTUBRE!F13+NOVIEMBRE!F13+DICIEMBRE!F13 -> 7.0719389e+08 | G13: =ENERO!G13+FEBRERO!G13+MARZO!G13+ABRIL!G13+MAYO!G13+JUNIO!G13+JULIO!G13+AGOSTO!G13+SEPTIEMBRE!G13+OCTUBRE!G13+NOVIEMBRE!G13+DICIEMBRE!G13 -> 0 | H13: =ENERO!H13+FEBRERO!H13+MARZO!H13+ABRIL!H13+MAYO!H13+JUNIO!H13+JULIO!H13+AGOSTO!H13+SEPTIEMBRE!H13+OCTUBRE!H13+NOVIEMBRE!H13+DICIEMBRE!H13 -> 1.4692067e+09 | I13: =ENERO!I13+FEBRERO!I13+MARZO!I13+ABRIL!I13+MAYO!I13+JUNIO!I13+JULIO!I13+AGOSTO!I13+SEPTIEMBRE!I13+OCTUBRE!I13+NOVIEMBRE!I13+DICIEMBRE!I13 -> 1.9002544e+09 | ... K13: =ENERO!K13+FEBRERO!K13+MARZO!K13+ABRIL!K13+MAYO!K13+JUNIO!K13+JULIO!K13+AGOSTO!K13+SEPTIEMBRE!K13+OCTUBRE!K13+NOVIEMBRE!K13+DICIEMBRE!K13 -> 2.9711076e+08 | N13: =SUM(B13:M13) -> 3.6136159e+10
A14: AYACUCHO | B14: =ENERO!B14+FEBRERO!B14+MARZO!B14+ABRIL!B14+MAYO!B14+JUNIO!B14+JULIO!B14+AGOSTO!B14+SEPTIEMBRE!B14+OCTUBRE!B14+NOVIEMBRE!B14+DICIEMBRE!B14 -> 8.858174e+09 | C14: =ENERO!C14+FEBRERO!C14+MARZO!C14+ABRIL!C14+MAYO!C14+JUNIO!C14+JULIO!C14+AGOSTO!C14+SEPTIEMBRE!C14+OCTUBRE!C14+NOVIEMBRE!C14+DICIEMBRE!C14 -> 0 | D14: =ENERO!D14+FEBRERO!D14+MARZO!D14+ABRIL!D14+MAYO!D14+JUNIO!D14+JULIO!D14+AGOSTO!D14+SEPTIEMBRE!D14+OCTUBRE!D14+NOVIEMBRE!D14+DICIEMBRE!D14 -> 7.4440392e+08 | E14: =ENERO!E14+FEBRERO!E14+MARZO!E14+ABRIL!E14+MAYO!E14+JUNIO!E14+JULIO!E14+AGOSTO!E14+SEPTIEMBRE!E14+OCTUBRE!E14+NOVIEMBRE!E14+DICIEMBRE!E14 -> 1.1487361e+08 | F14: =ENERO!F14+FEBRERO!F14+MARZO!F14+ABRIL!F14+MAYO!F14+JUNIO!F14+JULIO!F14+AGOSTO!F14+SEPTIEMBRE!F14+OCTUBRE!F14+NOVIEMBRE!F14+DICIEMBRE!F14 -> 32187381 | G14: =ENERO!G14+FEBRERO!G14+MARZO!G14+ABRIL!G14+MAYO!G14+JUNIO!G14+JULIO!G14+AGOSTO!G14+SEPTIEMBRE!G14+OCTUBRE!G14+NOVIEMBRE!G14+DICIEMBRE!G14 -> 14960069 | H14: =ENERO!H14+FEBRERO!H14+MARZO!H14+ABRIL!H14+MAYO!H14+JUNIO!H14+JULIO!H14+AGOSTO!H14+SEPTIEMBRE!H14+OCTUBRE!H14+NOVIEMBRE!H14+DICIEMBRE!H14 -> 5.1778147e+08 | I14: =ENERO!I14+FEBRERO!I14+MARZO!I14+ABRIL!I14+MAYO!I14+JUNIO!I14+JULIO!I14+AGOSTO!I14+SEPTIEMBRE!I14+OCTUBRE!I14+NOVIEMBRE!I14+DICIEMBRE!I14 -> 86488602 | ... K14: =ENERO!K14+FEBRERO!K14+MARZO!K14+ABRIL!K14+MAYO!K14+JUNIO!K14+JULIO!K14+AGOSTO!K14+SEPTIEMBRE!K14+OCTUBRE!K14+NOVIEMBRE!K14+DICIEMBRE!K14 -> 1.0791357e+08 | N14: =SUM(B14:M14) -> 1.172463e+10
A15: AZUL | B15: =ENERO!B15+FEBRERO!B15+MARZO!B15+ABRIL!B15+MAYO!B15+JUNIO!B15+JULIO!B15+AGOSTO!B15+SEPTIEMBRE!B15+OCTUBRE!B15+NOVIEMBRE!B15+DICIEMBRE!B15 -> 1.4877098e+10 | C15: =ENERO!C15+FEBRERO!C15+MARZO!C15+ABRIL!C15+MAYO!C15+JUNIO!C15+JULIO!C15+AGOSTO!C15+SEPTIEMBRE!C15+OCTUBRE!C15+NOVIEMBRE!C15+DICIEMBRE!C15 -> 0 | D15: =ENERO!D15+FEBRERO!D15+MARZO!D15+ABRIL!D15+MAYO!D15+JUNIO!D15+JULIO!D15+AGOSTO!D15+SEPTIEMBRE!D15+OCTUBRE!D15+NOVIEMBRE!D15+DICIEMBRE!D15 -> 1.1176783e+09 | E15: =ENERO!E15+FEBRERO!E15+MARZO!E15+ABRIL!E15+MAYO!E15+JUNIO!E15+JULIO!E15+AGOSTO!E15+SEPTIEMBRE!E15+OCTUBRE!E15+NOVIEMBRE!E15+DICIEMBRE!E15 -> 1.9430193e+08 | F15: =ENERO!F15+FEBRERO!F15+MARZO!F15+ABRIL!F15+MAYO!F15+JUNIO!F15+JULIO!F15+AGOSTO!F15+SEPTIEMBRE!F15+OCTUBRE!F15+NOVIEMBRE!F15+DICIEMBRE!F15 -> 1.1991175e+08 | G15: =ENERO!G15+FEBRERO!G15+MARZO!G15+ABRIL!G15+MAYO!G15+JUNIO!G15+JULIO!G15+AGOSTO!G15+SEPTIEMBRE!G15+OCTUBRE!G15+NOVIEMBRE!G15+DICIEMBRE!G15 -> 51821678 | H15: =ENERO!H15+FEBRERO!H15+MARZO!H15+ABRIL!H15+MAYO!H15+JUNIO!H15+JULIO!H15+AGOSTO!H15+SEPTIEMBRE!H15+OCTUBRE!H15+NOVIEMBRE!H15+DICIEMBRE!H15 -> 8.7073888e+08 | I15: =ENERO!I15+FEBRERO!I15+MARZO!I15+ABRIL!I15+MAYO!I15+JUNIO!I15+JULIO!I15+AGOSTO!I15+SEPTIEMBRE!I15+OCTUBRE!I15+NOVIEMBRE!I15+DICIEMBRE!I15 -> 3.22207e+08 | ... K15: =ENERO!K15+FEBRERO!K15+MARZO!K15+ABRIL!K15+MAYO!K15+JUNIO!K15+JULIO!K15+AGOSTO!K15+SEPTIEMBRE!K15+OCTUBRE!K15+NOVIEMBRE!K15+DICIEMBRE!K15 -> 1.826044e+08 | N15: =SUM(B15:M15) -> 1.972732e+10
A16: BAHIA BLANCA | B16: =ENERO!B16+FEBRERO!B16+MARZO!B16+ABRIL!B16+MAYO!B16+JUNIO!B16+JULIO!B16+AGOSTO!B16+SEPTIEMBRE!B16+OCTUBRE!B16+NOVIEMBRE!B16+DICIEMBRE!B16 -> 2.8021478e+10 | C16: =ENERO!C16+FEBRERO!C16+MARZO!C16+ABRIL!C16+MAYO!C16+JUNIO!C16+JULIO!C16+AGOSTO!C16+SEPTIEMBRE!C16+OCTUBRE!C16+NOVIEMBRE!C16+DICIEMBRE!C16 -> 0 | D16: =ENERO!D16+FEBRERO!D16+MARZO!D16+ABRIL!D16+MAYO!D16+JUNIO!D16+JULIO!D16+AGOSTO!D16+SEPTIEMBRE!D16+OCTUBRE!D16+NOVIEMBRE!D16+DICIEMBRE!D16 -> 5.6999857e+08 | E16: =ENERO!E16+FEBRERO!E16+MARZO!E16+ABRIL!E16+MAYO!E16+JUNIO!E16+JULIO!E16+AGOSTO!E16+SEPTIEMBRE!E16+OCTUBRE!E16+NOVIEMBRE!E16+DICIEMBRE!E16 -> 4.1203194e+08 | F16: =ENERO!F16+FEBRERO!F16+MARZO!F16+ABRIL!F16+MAYO!F16+JUNIO!F16+JULIO!F16+AGOSTO!F16+SEPTIEMBRE!F16+OCTUBRE!F16+NOVIEMBRE!F16+DICIEMBRE!F16 -> 4.4721889e+08 | G16: =ENERO!G16+FEBRERO!G16+MARZO!G16+ABRIL!G16+MAYO!G16+JUNIO!G16+JULIO!G16+AGOSTO!G16+SEPTIEMBRE!G16+OCTUBRE!G16+NOVIEMBRE!G16+DICIEMBRE!G16 -> 2.2990634e+08 | H16: =ENERO!H16+FEBRERO!H16+MARZO!H16+ABRIL!H16+MAYO!H16+JUNIO!H16+JULIO!H16+AGOSTO!H16+SEPTIEMBRE!H16+OCTUBRE!H16+NOVIEMBRE!H16+DICIEMBRE!H16 -> 1.6292835e+09 | I16: =ENERO!I16+FEBRERO!I16+MARZO!I16+ABRIL!I16+MAYO!I16+JUNIO!I16+JULIO!I16+AGOSTO!I16+SEPTIEMBRE!I16+OCTUBRE!I16+NOVIEMBRE!I16+DICIEMBRE!I16 -> 1.2016926e+09 | ... K16: =ENERO!K16+FEBRERO!K16+MARZO!K16+ABRIL!K16+MAYO!K16+JUNIO!K16+JULIO!K16+AGOSTO!K16+SEPTIEMBRE!K16+OCTUBRE!K16+NOVIEMBRE!K16+DICIEMBRE!K16 -> 3.3098806e+08 | N16: =SUM(B16:M16) -> 3.7788396e+10
A17: BALCARCE | B17: =ENERO!B17+FEBRERO!B17+MARZO!B17+ABRIL!B17+MAYO!B17+JUNIO!B17+JULIO!B17+AGOSTO!B17+SEPTIEMBRE!B17+OCTUBRE!B17+NOVIEMBRE!B17+DICIEMBRE!B17 -> 1.081777e+10 | C17: =ENERO!C17+FEBRERO!C17+MARZO!C17+ABRIL!C17+MAYO!C17+JUNIO!C17+JULIO!C17+AGOSTO!C17+SEPTIEMBRE!C17+OCTUBRE!C17+NOVIEMBRE!C17+DICIEMBRE!C17 -> 0 | D17: =ENERO!D17+FEBRERO!D17+MARZO!D17+ABRIL!D17+MAYO!D17+JUNIO!D17+JULIO!D17+AGOSTO!D17+SEPTIEMBRE!D17+OCTUBRE!D17+NOVIEMBRE!D17+DICIEMBRE!D17 -> 1.0671566e+09 | E17: =ENERO!E17+FEBRERO!E17+MARZO!E17+ABRIL!E17+MAYO!E17+JUNIO!E17+JULIO!E17+AGOSTO!E17+SEPTIEMBRE!E17+OCTUBRE!E17+NOVIEMBRE!E17+DICIEMBRE!E17 -> 1.3764726e+08 | F17: =ENERO!F17+FEBRERO!F17+MARZO!F17+ABRIL!F17+MAYO!F17+JUNIO!F17+JULIO!F17+AGOSTO!F17+SEPTIEMBRE!F17+OCTUBRE!F17+NOVIEMBRE!F17+DICIEMBRE!F17 -> 91850955 | G17: =ENERO!G17+FEBRERO!G17+MARZO!G17+ABRIL!G17+MAYO!G17+JUNIO!G17+JULIO!G17+AGOSTO!G17+SEPTIEMBRE!G17+OCTUBRE!G17+NOVIEMBRE!G17+DICIEMBRE!G17 -> 33510554 | H17: =ENERO!H17+FEBRERO!H17+MARZO!H17+ABRIL!H17+MAYO!H17+JUNIO!H17+JULIO!H17+AGOSTO!H17+SEPTIEMBRE!H17+OCTUBRE!H17+NOVIEMBRE!H17+DICIEMBRE!H17 -> 6.2928992e+08 | I17: =ENERO!I17+FEBRERO!I17+MARZO!I17+ABRIL!I17+MAYO!I17+JUNIO!I17+JULIO!I17+AGOSTO!I17+SEPTIEMBRE!I17+OCTUBRE!I17+NOVIEMBRE!I17+DICIEMBRE!I17 -> 2.4680668e+08 | ... K17: =ENERO!K17+FEBRERO!K17+MARZO!K17+ABRIL!K17+MAYO!K17+JUNIO!K17+JULIO!K17+AGOSTO!K17+SEPTIEMBRE!K17+OCTUBRE!K17+NOVIEMBRE!K17+DICIEMBRE!K17 -> 1.281399e+08 | N17: =SUM(B17:M17) -> 1.4492764e+10
A18: BARADERO | B18: =ENERO!B18+FEBRERO!B18+MARZO!B18+ABRIL!B18+MAYO!B18+JUNIO!B18+JULIO!B18+AGOSTO!B18+SEPTIEMBRE!B18+OCTUBRE!B18+NOVIEMBRE!B18+DICIEMBRE!B18 -> 6.1018662e+09 | C18: =ENERO!C18+FEBRERO!C18+MARZO!C18+ABRIL!C18+MAYO!C18+JUNIO!C18+JULIO!C18+AGOSTO!C18+SEPTIEMBRE!C18+OCTUBRE!C18+NOVIEMBRE!C18+DICIEMBRE!C18 -> 0 | D18: =ENERO!D18+FEBRERO!D18+MARZO!D18+ABRIL!D18+MAYO!D18+JUNIO!D18+JULIO!D18+AGOSTO!D18+SEPTIEMBRE!D18+OCTUBRE!D18+NOVIEMBRE!D18+DICIEMBRE!D18 -> 3.7297164e+08 | E18: =ENERO!E18+FEBRERO!E18+MARZO!E18+ABRIL!E18+MAYO!E18+JUNIO!E18+JULIO!E18+AGOSTO!E18+SEPTIEMBRE!E18+OCTUBRE!E18+NOVIEMBRE!E18+DICIEMBRE!E18 -> 77472039 | F18: =ENERO!F18+FEBRERO!F18+MARZO!F18+ABRIL!F18+MAYO!F18+JUNIO!F18+JULIO!F18+AGOSTO!F18+SEPTIEMBRE!F18+OCTUBRE!F18+NOVIEMBRE!F18+DICIEMBRE!F18 -> 61898809 | G18: =ENERO!G18+FEBRERO!G18+MARZO!G18+ABRIL!G18+MAYO!G18+JUNIO!G18+JULIO!G18+AGOSTO!G18+SEPTIEMBRE!G18+OCTUBRE!G18+NOVIEMBRE!G18+DICIEMBRE!G18 -> 27287166 | H18: =ENERO!H18+FEBRERO!H18+MARZO!H18+ABRIL!H18+MAYO!H18+JUNIO!H18+JULIO!H18+AGOSTO!H18+SEPTIEMBRE!H18+OCTUBRE!H18+NOVIEMBRE!H18+DICIEMBRE!H18 -> 3.5468205e+08 | I18: =ENERO!I18+FEBRERO!I18+MARZO!I18+ABRIL!I18+MAYO!I18+JUNIO!I18+JULIO!I18+AGOSTO!I18+SEPTIEMBRE!I18+OCTUBRE!I18+NOVIEMBRE!I18+DICIEMBRE!I18 -> 1.6632423e+08 | ... K18: =ENERO!K18+FEBRERO!K18+MARZO!K18+ABRIL!K18+MAYO!K18+JUNIO!K18+JULIO!K18+AGOSTO!K18+SEPTIEMBRE!K18+OCTUBRE!K18+NOVIEMBRE!K18+DICIEMBRE!K18 -> 71948190 | N18: =SUM(B18:M18) -> 8.3274012e+09
A19: BENITO JUAREZ | B19: =ENERO!B19+FEBRERO!B19+MARZO!B19+ABRIL!B19+MAYO!B19+JUNIO!B19+JULIO!B19+AGOSTO!B19+SEPTIEMBRE!B19+OCTUBRE!B19+NOVIEMBRE!B19+DICIEMBRE!B19 -> 9.9083568e+09 | C19: =ENERO!C19+FEBRERO!C19+MARZO!C19+ABRIL!C19+MAYO!C19+JUNIO!C19+JULIO!C19+AGOSTO!C19+SEPTIEMBRE!C19+OCTUBRE!C19+NOVIEMBRE!C19+DICIEMBRE!C19 -> 0 | D19: =ENERO!D19+FEBRERO!D19+MARZO!D19+ABRIL!D19+MAYO!D19+JUNIO!D19+JULIO!D19+AGOSTO!D19+SEPTIEMBRE!D19+OCTUBRE!D19+NOVIEMBRE!D19+DICIEMBRE!D19 -> 7.3363693e+08 | E19: =ENERO!E19+FEBRERO!E19+MARZO!E19+ABRIL!E19+MAYO!E19+JUNIO!E19+JULIO!E19+AGOSTO!E19+SEPTIEMBRE!E19+OCTUBRE!E19+NOVIEMBRE!E19+DICIEMBRE!E19 -> 1.2464833e+08 | F19: =ENERO!F19+FEBRERO!F19+MARZO!F19+ABRIL!F19+MAYO!F19+JUNIO!F19+JULIO!F19+AGOSTO!F19+SEPTIEMBRE!F19+OCTUBRE!F19+NOVIEMBRE!F19+DICIEMBRE!F19 -> 25000241 | G19: =ENERO!G19+FEBRERO!G19+MARZO!G19+ABRIL!G19+MAYO!G19+JUNIO!G19+JULIO!G19+AGOSTO!G19+SEPTIEMBRE!G19+OCTUBRE!G19+NOVIEMBRE!G19+DICIEMBRE!G19 -> 15199430 | H19: =ENERO!H19+FEBRERO!H19+MARZO!H19+ABRIL!H19+MAYO!H19+JUNIO!H19+JULIO!H19+AGOSTO!H19+SEPTIEMBRE!H19+OCTUBRE!H19+NOVIEMBRE!H19+DICIEMBRE!H19 -> 5.7521807e+08 | I19: =ENERO!I19+FEBRERO!I19+MARZO!I19+ABRIL!I19+MAYO!I19+JUNIO!I19+JULIO!I19+AGOSTO!I19+SEPTIEMBRE!I19+OCTUBRE!I19+NOVIEMBRE!I19+DICIEMBRE!I19 -> 67176510 | ... K19: =ENERO!K19+FEBRERO!K19+MARZO!K19+ABRIL!K19+MAYO!K19+JUNIO!K19+JULIO!K19+AGOSTO!K19+SEPTIEMBRE!K19+OCTUBRE!K19+NOVIEMBRE!K19+DICIEMBRE!K19 -> 1.1596229e+08 | N19: =SUM(B19:M19) -> 1.2516103e+10
... A142: ZARATE | B142: =ENERO!B142+FEBRERO!B142+MARZO!B142+ABRIL!B142+MAYO!B142+JUNIO!B142+JULIO!B142+AGOSTO!B142+SEPTIEMBRE!B142+OCTUBRE!B142+NOVIEMBRE!B142+DICIEMBRE!B142 -> 1.1592744e+10 | C142: =ENERO!C142+FEBRERO!C142+MARZO!C142+ABRIL!C142+MAYO!C142+JUNIO!C142+JULIO!C142+AGOSTO!C142+SEPTIEMBRE!C142+OCTUBRE!C142+NOVIEMBRE!C142+DICIEMBRE!C142 -> 0 | D142: =ENERO!D142+FEBRERO!D142+MARZO!D142+ABRIL!D142+MAYO!D142+JUNIO!D142+JULIO!D142+AGOSTO!D142+SEPTIEMBRE!D142+OCTUBRE!D142+NOVIEMBRE!D142+DICIEMBRE!D142 -> 3.4592046e+08 | E142: =ENERO!E142+FEBRERO!E142+MARZO!E142+ABRIL!E142+MAYO!E142+JUNIO!E142+JULIO!E142+AGOSTO!E142+SEPTIEMBRE!E142+OCTUBRE!E142+NOVIEMBRE!E142+DICIEMBRE!E142 -> 1.7010605e+08 | F142: =ENERO!F142+FEBRERO!F142+MARZO!F142+ABRIL!F142+MAYO!F142+JUNIO!F142+JULIO!F142+AGOSTO!F142+SEPTIEMBRE!F142+OCTUBRE!F142+NOVIEMBRE!F142+DICIEMBRE!F142 -> 3.2747909e+08 | G142: =ENERO!G142+FEBRERO!G142+MARZO!G142+ABRIL!G142+MAYO!G142+JUNIO!G142+JULIO!G142+AGOSTO!G142+SEPTIEMBRE!G142+OCTUBRE!G142+NOVIEMBRE!G142+DICIEMBRE!G142 -> 90358816 | H142: =ENERO!H142+FEBRERO!H142+MARZO!H142+ABRIL!H142+MAYO!H142+JUNIO!H142+JULIO!H142+AGOSTO!H142+SEPTIEMBRE!H142+OCTUBRE!H142+NOVIEMBRE!H142+DICIEMBRE!H142 -> 6.7338054e+08 | I142: =ENERO!I142+FEBRERO!I142+MARZO!I142+ABRIL!I142+MAYO!I142+JUNIO!I142+JULIO!I142+AGOSTO!I142+SEPTIEMBRE!I142+OCTUBRE!I142+NOVIEMBRE!I142+DICIEMBRE!I142 -> 8.799476e+08 | ... K142: =ENERO!K142+FEBRERO!K142+MARZO!K142+ABRIL!K142+MAYO!K142+JUNIO!K142+JULIO!K142+AGOSTO!K142+SEPTIEMBRE!K142+OCTUBRE!K142+NOVIEMBRE!K142+DICIEMBRE!K142 -> 1.3612889e+08 | N142: =SUM(B142:M142) -> 1.6591484e+10
A143: CONSOLIDADO 135 MUNICIPIOS | B143: =SUM(B8:B142) -> 2.110496e+12 | C143: =SUM(C8:C142) -> 0 | D143: =SUM(D8:D142) -> 5.8251597e+10 | E143: =SUM(E8:E142) -> 2.9335451e+10 | F143: =SUM(F8:F142) -> 3.4388227e+10 | G143: =SUM(G8:G142) -> 1.1968055e+10 | H143: =SUM(H8:H142) -> 1.2267856e+11 | I143: =SUM(I8:I142) -> 9.2402352e+10 | ... K143: =SUM(K8:K142) -> 2.4887817e+10 | N143: =SUM(N8:N142) -> 2.7789953e+12
