Workbook
Name \a: '[1]2001'!$P$1:$Q$3
Name contador: #REF!

Sheet Municipio
A1: 136
N4: =+D15 -> Coparticipación | O4: =+E15 -> 2.110496e+12
N5: =+D16 -> Omisión de Distribución Copa 2023 | O5: =+E16 -> 0.02
N6: =+D17 -> Juegos de Azar | O6: =+E17 -> 2.9335451e+10
D7: TRANSFERENCIAS DE FONDOS | N7: =+D18 -> Descentralizac. Tributaria Total | O7: =+E18 -> 5.8251597e+10
D8: ACUMULADO JUNIO 2026 | N8: =+D23 -> Fdo. Prog. Sociales y Saneam. Amb. | O8: =+E23 -> 4.6356282e+10
N9: =+D26 -> Fdo. Fort. Recursos Municipales (F.F.R.M.) | O9: =+E26 -> 1.2267856e+11
D10: =VLOOKUP(A1,JUNIO!V10:W145,2,FALSE) -> CONSOLIDADO 135 MUNICIPIOS | N10: =+D27 -> Fdo. Municipal de Inclusión Social (F.M.I.S.) | O10: =+E27 -> 9.2402352e+10
N11: =+D28 -> Fdo. de Financiamiento Educativo (F.F.E.) | O11: =+E28 -> 2.945872e+11
E12: (En pesos) | N12: =+D29 -> Fondo Emergencia y Fort. Inversión Municipal (FEFIM) | O12: =+E29 -> 2.4887817e+10
E13: ACUMULADO JUNIO 2026 | N13: =+D30 -> Fdo. Infraestructura Municipal (F.I.M.) 2017 | O13: =+E30 -> 0
D14: TOTAL DE TRANSFERENCIAS | E14: =+E15+E17+E18+E23+E26+E27+E28+E29+E16+E30+E31+E32 -> 2.7789953e+12 | N14: =+D31 -> Fdo. Ley 14890 | O14: =+E31 -> 0
D15: Coparticipación | E15: =VLOOKUP($D$10,JUNIO!$B$10:$S$145,JUNIO!$C$1,FALSE) -> 2.110496e+12 | N15: =+D32 -> Fdo Compensador Decreto PEN 836/18 | O15: =+E32 -> 0
D16: Omisión de Distribución Copa 2023 | E16: =VLOOKUP($D$10,JUNIO!$B$10:$S$145,JUNIO!$D$1,FALSE) -> 0.02 | N16: =+D33 -> Los montos consignados corresponden a lo efectivamente pagado. | O16: =+E33 -> 0
D17: Juegos de Azar | E17: =VLOOKUP($D$10,JUNIO!$B$10:$S$145,JUNIO!$I$1,FALSE) -> 2.9335451e+10 | N17: =+D35 -> 0 | O17: =SUM(O4:O15) -> 2.7789953e+12
D18: Descentralizac. Tributaria Total | E18: =E19+E20+E21+E22 -> 5.8251597e+10 | N18: =+D36 -> 0
D19: Inmob. Rural Libre Disp. | E19: =VLOOKUP($D$10,JUNIO!$B$10:$S$145,JUNIO!$E$1,FALSE) -> 2.6812928e+10
D20: Inmob. Rural Fondo Vial | E20: =VLOOKUP($D$10,JUNIO!$B$10:$S$145,JUNIO!$F$1,FALSE) -> 1.5796621e+10
D21: Ingresos Brutos Peq. Contrib. | E21: =VLOOKUP($D$10,JUNIO!$B$10:$S$145,JUNIO!$G$1,FALSE) -> 1.4377314e+10
D22: Otros | E22: =VLOOKUP($D$10,JUNIO!$B$10:$S$145,JUNIO!$H$1,FALSE) -> 1.2647339e+09
D23: Fdo. Prog. Sociales y Saneam. Amb. | E23: =+E24+E25 -> 4.6356282e+10
D24: Fdo. Fort. Prog. Soc. | E24: =VLOOKUP($D$10,JUNIO!$B$10:$S$145,JUNIO!$J$1,FALSE) -> 3.4388227e+10
D25: Trat. y Disp. Final de Resid. | E25: =VLOOKUP($D$10,JUNIO!$B$10:$S$145,JUNIO!$K$1,FALSE) -> 1.1968055e+10
D26: Fdo. Fort. Recursos Municipales (F.F.R.M.) | E26: =VLOOKUP($D$10,JUNIO!$B$10:$S$145,JUNIO!$L$1,FALSE) -> 1.2267856e+11
D27: Fdo. Municipal de Inclusión Social (F.M.I.S.) | E27: =VLOOKUP($D$10,JUNIO!$B$10:$S$145,JUNIO!$M$1,FALSE) -> 9.2402352e+10
D28: Fdo. de Financiamiento Educativo (F.F.E.) | E28: =VLOOKUP($D$10,JUNIO!$B$10:$S$145,JUNIO!$N$1,FALSE) -> 2.945872e+11
D29: Fondo Emergencia y Fort. Inversión Municipal (FEFIM) | E29: =VLOOKUP($D$10,JUNIO!$B$10:$S$145,JUNIO!$O$1,FALSE) -> 2.4887817e+10
D30: Fdo. Infraestructura Municipal (F.I.M.) 2017 | E30: =VLOOKUP($D$10,JUNIO!$B$10:$S$145,JUNIO!$P$1,FALSE) -> 0
D31: Fdo. Ley 14890 | E31: =VLOOKUP($D$10,JUNIO!$B$10:$S$145,JUNIO!$Q$1,FALSE) -> 0
D32: Fdo Compensador Decreto PEN 836/18 | E32: =VLOOKUP($D$10,JUNIO!$B$10:$S$145,JUNIO!$R$1,FALSE) -> 0
D33: Los montos consignados corresponden a lo efectivamente pagado.

Sheet JUNIO
B1: 1 | C1: 2 | D1: 3 | E1: 4 | F1: 5 | G1: 6 | H1: 7 | I1: 8 | J1: 9 | K1: 10 | L1: 11 | M1: 12 | N1: 13 | O1: 14 | P1: 15 | Q1: 16 | R1: 17 | S1: 18
B2: BUENOS AIRES PROVINCIA
B5: TRANSFERENCIAS DE FONDOS
B6: ACUMULADO ENERO - JUNIO 2026
C7: Coparticipación Bruta | E7: Descen-tralización | F7: Juegos de Azar | G7: F.F.P.S. (Planes Sociales) | H7: F.S.A. (Tratamiento de Residuos) | I7: Fdo. Fort. Rec. Municip. | J7: Fdo. Inclus. Social | K7: Fondo Solidario Provincial | L7: Omisión distrib. Fondo Solidario Provincial 2017 | M7: Fondo de Financ. Educativo | N7: Fdo Ley 14890 | O7: Fdo Compensador Decreto PEN 836/18 | S7: (En pesos)
B8: Municipio | C8: ACUMULADO ENERO - JUNIO 2026
C9: Coparticipación Bruta | D9: Omisión Coparticiación 2025 | E9: Inmobiliario Rural Libre Disponibilidad | F9: Inmobiliario Rural Fondo Compensador | G9: Ingresos Brutos | H9: Otros | I9: Juegos de Azar | J9: F.F.P.S. (Planes Sociales) | K9: F.S.A. (Tratamiento de Residuos) | L9: Fdo. Fort. Rec. Municip. | M9: Fdo. Inclus. Social | N9: Fondo de Financ. Educativo | O9: Fondo Emergencia y Fort. Inversión Municipal (FEFIM) | S9: Total 2026
B10: ADOLFO ALSINA | C10: 9.6785238e+09 | D10: 0 | E10: 1.850856e+08 | F10: 3.4114543e+08 | G10: 24350453 | H10: 0 | I10: 1.1974214e+08 | J10: 27682523 | K10: 11968055 | L10: 5.5840134e+08 | M10: 74383894 | N10: 9.2703058e+08 | O10: 1.0909823e+08 | S10: =SUM(C10:R10) -> 1.2057412e+10 | V10: 1 | W10: ADOLFO ALSINA
B11: ADOLFO GONZALES CHAVES | C11: 5.0774314e+09 | D11: 0 | E11: 2.7114714e+08 | F11: 1.9147656e+08 | G11: 15927720 | H11: 0 | I11: 64671909 | J11: 19394960 | K11: 8856360.7 | L11: 2.9566828e+08 | M11: 52114927 | N11: 7.0301469e+08 | O11: 60509749 | S11: =SUM(C11:R11) -> 6.7602137e+09 | V11: 2 | W11: ADOLFO GONZALES CHAVES
B12: ALBERTI | C12: 5.3872522e+09 | D12: 0 | E12: 2.512819e+08 | F12: 69416731 | G12: 15001736 | H12: 0 | I12: 69812369 | J12: 13548961 | K12: 8856360.7 | L12: 3.1400062e+08 | M12: 36406527 | N12: 4.1550052e+08 | O12: 64551531 | S12: =SUM(C12:R12) -> 6.6456295e+09 | V12: 3 | W12: ALBERTI
B13: ALMIRANTE BROWN | C13: 4.2429835e+10 | D13: 0 | E13: 35478365 | F13: 1835652.5 | G13: 3.2506451e+08 | H13: 0 | I13: 6.3055307e+08 | J13: 1.4542781e+09 | K13: 7.2933257e+08 | L13: 2.4663212e+09 | M13: 3.9076955e+09 | N13: 7.8172868e+09 | O13: 5.0030983e+08 | S13: =SUM(C13:R13) -> 6.029799e+10 | V13: 4 | W13: ALMIRANTE BROWN
B14: ARRECIFES | C14: 5.5571471e+09 | D14: 0 | E14: 3.0803694e+08 | F14: 77128999 | G14: 26002905 | H14: 0 | I14: 70822501 | J14: 49725376 | K14: 22021221 | L14: 3.2333563e+08 | M14: 1.336138e+08 | N14: 8.4288764e+08 | O14: 65905428 | S14: =SUM(C14:R14) -> 7.4766276e+09 | V14: 5 | W14: ARRECIFES
B15: AVELLANEDA | C15: 2.5291763e+10 | D15: 0 | E15: 6587940.8 | F15: 428108.28 | G15: 2.7626377e+08 | H15: 0 | I15: 3.7463308e+08 | J15: 7.0719389e+08 | K15: 0 | L15: 1.4692067e+09 | M15: 1.9002544e+09 | N15: 5.8127181e+09 | O15: 2.9711076e+08 | S15: =SUM(C15:R15) -> 3.6136159e+10 | V15: 6 | W15: AVELLANEDA
B16: AYACUCHO | C16: 8.858174e+09 | D16: 0 | E16: 3.5270598e+08 | F16: 3.6777345e+08 | G16: 23924484 | H16: 0 | I16: 1.1487361e+08 | J16: 32187381 | K16: 14960069 | L16: 5.1778147e+08 | M16: 86488602 | N16: 1.2478478e+09 | O16: 1.0791357e+08 | S16: =SUM(C16:R16) -> 1.172463e+10 | V16: 7 | W16: AYACUCHO
B17: AZUL | C17: 1.4877098e+10 | D17: 0 | E17: 7.0634466e+08 | F17: 3.3790066e+08 | G17: 73433023 | H17: 0 | I17: 1.9430193e+08 | J17: 1.1991175e+08 | K17: 51821678 | L17: 8.7073888e+08 | M17: 3.22207e+08 | N17: 1.9909588e+09 | O17: 1.826044e+08 | S17: =SUM(C17:R17) -> 1.972732e+10 | V17: 8 | W17: AZUL
B18: BAHIA BLANCA | C18: 2.8021478e+10 | D18: 0 | E18: 1.0996512e+08 | F18: 27545846 | G18: 4.3248761e+08 | H18: 0 | I18: 4.1203194e+08 | J18: 4.4721889e+08 | K18: 2.2990634e+08 | L18: 1.6292835e+09 | M18: 1.2016926e+09 | N18: 4.9457981e+09 | O18: 3.3098806e+08 | S18: =SUM(C18:R18) -> 3.7788396e+10 | V18: 9 | W18: BAHIA BLANCA
B19: BALCARCE | C19: 1.081777e+10 | D19: 0 | E19: 7.4266072e+08 | F19: 2.6291378e+08 | G19: 61582060 | H19: 0 | I19: 1.3764726e+08 | J19: 91850955 | K19: 33510554 | L19: 6.2928992e+08 | M19: 2.4680668e+08 | N19: 1.3405927e+09 | O19: 1.281399e+08 | S19: =SUM(C19:R19) -> 1.4492764e+10 | V19: 10 | W19: BALCARCE
B20: BARADERO | C20: 6.1018662e+09 | D20: 0 | E20: 2.7372772e+08 | F20: 65437378 | G20: 33806539 | H20: 0 | I20: 77472039 | J20: 61898809 | K20: 27287166 | L20: 3.5468205e+08 | M20: 1.6632423e+08 | N20: 1.0929509e+09 | O20: 71948190 | S20: =SUM(C20:R20) -> 8.3274012e+09 | V20: 11 | W20: BARADERO
B21: BENITO JUAREZ | C21: 9.9083568e+09 | D21: 0 | E21: 4.0143345e+08 | F21: 3.1451741e+08 | G21: 17686072 | H21: 0 | I21: 1.2464833e+08 | J21: 25000241 | K21: 15199430 | L21: 5.7521807e+08 | M21: 67176510 | N21: 9.5090393e+08 | O21: 1.1596229e+08 | S21: =SUM(C21:R21) -> 1.2516103e+10 | V21: 12 | W21: BENITO JUAREZ
... B144: ZARATE | C144: 1.1592744e+10 | D144: 0 | E144: 2.0560418e+08 | F144: 38564500 | G144: 1.0175178e+08 | H144: 0 | I144: 1.7010605e+08 | J144: 3.2747909e+08 | K144: 90358816 | L144: 6.7338054e+08 | M144: 8.799476e+08 | N144: 2.3754187e+09 | O144: 1.3612889e+08 | S144: =SUM(C144:R144) -> 1.6591484e+10 | V144: 135 | W144: ZARATE
B145: CONSOLIDADO 135 MUNICIPIOS | C145: =SUM(C10:C144) -> 2.110496e+12 | D145: 0.02 | E145: =SUM(E10:E144) -> 2.6812928e+10 | F145: =SUM(F10:F144) -> 1.5796621e+10 | G145: =SUM(G10:G144) -> 1.4377314e+10 | H145: =SUM(H10:H144) -> 1.2647339e+09 | I145: =SUM(I10:I144) -> 2.9335451e+10 | J145: =SUM(J10:J144) -> 3.4388227e+10 | K145: =SUM(K10:K144) -> 1.1968055e+10 | L145: =SUM(L10:L144) -> 1.2267856e+11 | ... S145: =SUM(S10:S144) -> 2.7789953e+12 | V145: 136 | W145: CONSOLIDADO 135 MUNICIPIOS
